u,shape,delta_G4XX,delta_G3X,delta_G2,delta_G2X,delta_a1,delta_c4,delta_E00_linear,delta_E11_linear,delta_E22_linear,local_background_rank
0.7091185296324081,0.0,0.0,0.0,0.0,0.0,0.0,0.0,0.0,0.0,0.0,0
0.709092273068267,0.0,0.0,0.0,0.0,0.0,0.0,0.0,0.0,0.0,0.0,0
0.709066016504126,0.0,0.0,0.0,0.0,0.0,0.0,0.0,0.0,0.0,0.0,0
0.7090397599399849,0.0,0.0,0.0,0.0,0.0,0.0,0.0,0.0,0.0,0.0,0
0.7090135033758439,0.0,0.0,0.0,0.0,0.0,0.0,0.0,0.0,0.0,0.0,0
0.7089872468117029,0.0,0.0,0.0,0.0,0.0,0.0,0.0,0.0,0.0,0.0,0
0.7089609902475619,0.0,0.0,0.0,0.0,0.0,0.0,0.0,0.0,0.0,0.0,0
0.7089347336834209,0.0,0.0,0.0,0.0,0.0,0.0,0.0,0.0,0.0,0.0,0
0.7089084771192797,0.0,0.0,0.0,0.0,0.0,0.0,0.0,0.0,0.0,0.0,0
0.7088822205551387,0.0,0.0,0.0,0.0,0.0,0.0,0.0,0.0,0.0,0.0,0
0.7088559639909977,0.0,0.0,0.0,0.0,0.0,0.0,0.0,0.0,0.0,0.0,0
0.7088297074268567,0.0,0.0,0.0,0.0,0.0,0.0,0.0,0.0,0.0,0.0,0
0.7088034508627157,0.0,0.0,0.0,0.0,0.0,0.0,0.0,0.0,0.0,0.0,0
0.7087771942985747,0.0,0.0,0.0,0.0,0.0,0.0,0.0,0.0,0.0,0.0,0
0.7087509377344335,0.0,0.0,0.0,0.0,0.0,0.0,0.0,0.0,0.0,0.0,0
0.7087246811702925,0.0,0.0,0.0,0.0,0.0,0.0,0.0,0.0,0.0,0.0,0
0.7086984246061515,0.0,0.0,0.0,0.0,0.0,0.0,0.0,0.0,0.0,0.0,0
0.7086721680420105,0.0,0.0,0.0,0.0,0.0,0.0,0.0,0.0,0.0,0.0,0
0.7086459114778695,0.0,0.0,0.0,0.0,0.0,0.0,0.0,0.0,0.0,0.0,0
0.7086196549137284,0.0,0.0,0.0,0.0,0.0,0.0,0.0,0.0,0.0,0.0,0
0.7085933983495873,0.0,0.0,0.0,0.0,0.0,0.0,0.0,0.0,0.0,0.0,0
0.7085671417854463,0.0,0.0,0.0,0.0,0.0,0.0,0.0,0.0,0.0,0.0,0
0.7085408852213053,0.0,0.0,0.0,0.0,0.0,0.0,0.0,0.0,0.0,0.0,0
0.7085146286571643,0.0,0.0,0.0,0.0,0.0,0.0,0.0,0.0,0.0,0.0,0
0.7084883720930233,0.0,0.0,0.0,0.0,0.0,0.0,0.0,0.0,0.0,0.0,0
0.7084621155288822,0.0,0.0,0.0,0.0,0.0,0.0,0.0,0.0,0.0,0.0,0
0.7084358589647411,0.0,0.0,0.0,0.0,0.0,0.0,0.0,0.0,0.0,0.0,0
0.7084096024006001,0.0,0.0,0.0,0.0,0.0,0.0,0.0,0.0,0.0,0.0,0
0.7083833458364591,0.0,0.0,0.0,0.0,0.0,0.0,0.0,0.0,0.0,0.0,0
0.7083570892723181,0.0,0.0,0.0,0.0,0.0,0.0,0.0,0.0,0.0,0.0,0
0.708330832708177,0.0,0.0,0.0,0.0,0.0,0.0,0.0,0.0,0.0,0.0,0
0.708304576144036,0.0,0.0,0.0,0.0,0.0,0.0,0.0,0.0,0.0,0.0,0
0.708278319579895,0.0,0.0,0.0,0.0,0.0,0.0,0.0,0.0,0.0,0.0,0
0.7082520630157539,0.0,0.0,0.0,0.0,0.0,0.0,0.0,0.0,0.0,0.0,0
0.7082258064516129,0.0,0.0,0.0,0.0,0.0,0.0,0.0,0.0,0.0,0.0,0
0.7081995498874718,0.0,0.0,0.0,0.0,0.0,0.0,0.0,0.0,0.0,0.0,0
0.7081732933233308,0.0,0.0,0.0,0.0,0.0,0.0,0.0,0.0,0.0,0.0,0
0.7081470367591898,0.0,0.0,0.0,0.0,0.0,0.0,0.0,0.0,0.0,0.0,0
0.7081207801950488,0.0,0.0,0.0,0.0,0.0,0.0,0.0,0.0,0.0,0.0,0
0.7080945236309077,0.0,0.0,0.0,0.0,0.0,0.0,0.0,0.0,0.0,0.0,0
0.7080682670667666,0.0,0.0,0.0,0.0,0.0,0.0,0.0,0.0,0.0,0.0,0
0.7080420105026256,0.0,0.0,0.0,0.0,0.0,0.0,0.0,0.0,0.0,0.0,0
0.7080157539384846,0.0,0.0,0.0,0.0,0.0,0.0,0.0,0.0,0.0,0.0,0
0.7079894973743436,0.0,0.0,0.0,0.0,0.0,0.0,0.0,0.0,0.0,0.0,0
0.7079632408102026,0.0,0.0,0.0,0.0,0.0,0.0,0.0,0.0,0.0,0.0,0
0.7079369842460614,0.0,0.0,0.0,0.0,0.0,0.0,0.0,0.0,0.0,0.0,0
0.7079107276819204,0.0,0.0,0.0,0.0,0.0,0.0,0.0,0.0,0.0,0.0,0
0.7078844711177794,0.0,0.0,0.0,0.0,0.0,0.0,0.0,0.0,0.0,0.0,0
0.7078582145536384,0.0,0.0,0.0,0.0,0.0,0.0,0.0,0.0,0.0,0.0,0
0.7078319579894974,0.0,0.0,0.0,0.0,0.0,0.0,0.0,0.0,0.0,0.0,0
0.7078057014253563,0.0,0.0,0.0,0.0,0.0,0.0,0.0,0.0,0.0,0.0,0
0.7077794448612152,0.0,0.0,0.0,0.0,0.0,0.0,0.0,0.0,0.0,0.0,0
0.7077531882970742,0.0,0.0,0.0,0.0,0.0,0.0,0.0,0.0,0.0,0.0,0
0.7077269317329332,0.0,0.0,0.0,0.0,0.0,0.0,0.0,0.0,0.0,0.0,0
0.7077006751687922,0.0,0.0,0.0,0.0,0.0,0.0,0.0,0.0,0.0,0.0,0
0.7076744186046511,0.0,0.0,0.0,0.0,0.0,0.0,0.0,0.0,0.0,0.0,0
0.7076481620405101,0.0,0.0,0.0,0.0,0.0,0.0,0.0,0.0,0.0,0.0,0
0.707621905476369,0.0,0.0,0.0,0.0,0.0,0.0,0.0,0.0,0.0,0.0,0
0.707595648912228,0.0,0.0,0.0,0.0,0.0,0.0,0.0,0.0,0.0,0.0,0
0.707569392348087,0.0,0.0,0.0,0.0,0.0,0.0,0.0,0.0,0.0,0.0,0
0.7075431357839459,0.0,0.0,0.0,0.0,0.0,0.0,0.0,0.0,0.0,0.0,0
0.7075168792198049,0.0,0.0,0.0,0.0,0.0,0.0,0.0,0.0,0.0,0.0,0
0.7074906226556639,0.0,0.0,0.0,0.0,0.0,0.0,0.0,0.0,0.0,0.0,0
0.7074643660915229,0.0,0.0,0.0,0.0,0.0,0.0,0.0,0.0,0.0,0.0,0
0.7074381095273818,0.0,0.0,0.0,0.0,0.0,0.0,0.0,0.0,0.0,0.0,0
0.7074118529632408,0.0,0.0,0.0,0.0,0.0,0.0,0.0,0.0,0.0,0.0,0
0.7073855963990997,0.0,0.0,0.0,0.0,0.0,0.0,0.0,0.0,0.0,0.0,0
0.7073593398349587,3.695781092716489e-11,2.5278498391494982e-11,1.971626511411934e-11,2.8356739224052164e-22,-1.8388751930161403e-11,8.577227399053917e-12,1.1295494409750321e-11,-4.789145502835876e-25,-5.2506581851510546e-27,4.80900615939223e-25,2
0.7073330832708177,1.1268158067531325e-05,7.697288101705908e-06,6.040462347593801e-06,-9.364489016975774e-17,-5.588913735379132e-06,2.613485818381101e-06,3.442659245054565e-06,1.547700436586788e-19,1.4823076576950256e-21,-1.547981734955374e-19,2
0.7073068267066767,0.0006775944249184473,0.0004622603639044269,0.0003649836819294013,6.0316062429924296e-15,-0.0003350171227993664,0.00015705882494961447,0.00020694342840850885,-9.7548362219717e-18,-9.486769009248164e-20,9.747223554403632e-18,2
0.7072805701425356,0.005142146397538148,0.0035033660611600782,0.002783055851348612,-5.0633089238249644e-14,-0.0025343038380392594,0.0011911351691835075,0.0015698768421929855,7.987573559084973e-17,5.963111948670274e-19,-8.037239219851011e-17,2
0.7072543135783946,0.017217166285948778,0.011714376721316755,0.009362688754444707,1.9493884003125503e-13,-0.00845838354749168,0.003985668461362248,0.005254371529749514,-3.001635502043527e-16,4.336808689942018e-19,2.9988097051086344e-16,2
0.7072280570142535,0.038392557617439926,0.026086339186223568,0.020976594472794454,-4.4865862668690783e-13,-0.018800900845269898,0.008881948106985244,0.011712314980605109,6.739418257622555e-16,4.336808689942018e-18,-6.742231862191762e-16,2
0.7072018004501125,0.06793091810750868,0.046092919552851434,0.03728999071769484,6.175423209603047e-13,-0.03315884488786737,0.01570540560314254,0.0207156422919949,-8.924479707848055e-16,6.5052130349130266e-18,9.037390908631607e-16,2
0.7071755438859715,0.10405663567023136,0.0705064938855556,0.057387790259552984,-2.787346681092981e-13,-0.05062864086758535,0.024042007093056428,0.0317200987651277,4.0396255648465584e-16,-8.673617379884035e-18,-3.846876174560111e-16,2
0.7071492873218305,0.14481257999851074,0.09798289905512467,0.08023588107998081,-8.089455731427452e-13,-0.07022989538577926,0.033436848689999854,0.04412691244478035,1.1210299939943861e-15,6.938893903907228e-18,-1.1198971393463456e-15,2
0.7071230307576895,0.18845826028374485,0.12733145558345793,0.10490068465731485,2.115961292252841e-12,-0.09109919125107636,0.04348616737174348,0.057404184510678295,-2.842645038305256e-15,-8.673617379884035e-18,2.861485721417997e-15,2
0.7070967741935483,0.23359234705188694,0.1575968792647068,0.13062022951350594,-3.3833177598242574e-12,-0.11254760721167575,0.053865453588977576,0.07112409975660207,4.443085132456711e-15,-5.204170427930421e-17,-4.414653868461229e-15,2
0.7070705176294073,0.2791487049460106,0.18805502647524314,0.15680657048705496,3.4578804289900774e-12,-0.13405598062943233,0.06432827732530381,0.08496151513437601,-4.386494471320619e-15,-1.5612511283791264e-17,4.392831531844793e-15,2
0.7070442610652663,0.3243466566396823,0.21817794107086094,0.1830219588942599,-2.8805420107653188e-12,-0.1552485177575868,0.07469459069220959,0.09867864277124953,3.524767375809347e-15,1.3877787807814457e-17,-3.55429254888344e-15,2
0.7070180045011253,0.3686322108929866,0.2475931129504969,0.20894903230574413,2.1565340519897234e-12,-0.17586261463377284,0.08483699787463743,0.1121070222031879,-2.559966182432715e-15,1.734723475976807e-18,2.580356665135392e-15,2
0.7069917479369843,0.41162460716281,0.2760464576669825,0.23436354713597213,-1.5659535043856294e-12,-0.19572148120554758,0.09466827940228591,0.12513112182439542,1.8008339127149175e-15,1.734723475976807e-18,-1.8232108869978286e-15,2
0.7069654913728431,0.4530723857844101,0.3033721485908307,0.25911125131556906,-1.5229307958529284e-13,-0.21471209947611306,0.10413117592117904,0.13767490143157698,7.364986140615635e-18,-4.0939474033052647e-16,-3.547065640845873e-16,2
0.7069392348087021,0.4928190473097112,0.32946888987180195,0.283090157207276,1.4797533237554005e-12,-0.23276775311510312,0.11319038650903301,0.14969128223905984,-1.6119009812374646e-15,1.734723475976807e-17,1.6618653482912038e-15,2
0.7069129782445611,0.5307769345034031,0.3542822324524569,0.3062361068753853,3.022252017317054e-13,-0.2498553597887,0.12182652948503123,0.1611541959762542,6.124998988997516e-19,6.696032617270475e-16,6.299441665938203e-16,2
0.7068867216804201,0.5669076835656692,0.37779107299457043,0.3285126449180596,-4.08558558455907e-12,-0.2659655409641351,0.1300315904191451,0.172052589458089,4.164576351532008e-15,-3.8163916471489756e-17,-4.077269281488542e-15,2
0.7068604651162791,0.6012077351583277,0.39999753350975303,0.3499037590939887,5.201184777729028e-12,-0.2811050931097049,0.13780553617003719,0.1823859629586103,-5.008724318068614e-15,-1.0408340855860843e-16,5.016527775948995e-15,2
0.706834208552138,0.6336976644493815,0.4209201010933197,0.3704070546507671,-4.060153938156727e-12,-0.2952924182723526,0.1451538939511679,0.19216117871883828,3.757597409807306e-15,-3.122502256758253e-17,-3.789542872538546e-15,2
0.706807951987997,0.6644143606121209,0.44058817589955,0.3900298158037448,3.368376267401901e-12,-0.30855347126424876,0.15208592562153006,0.2013900529873833,-2.995281709861317e-15,3.122502256758253e-17,3.0946499490419567e-15,2
0.7067816954238559,0.6934053184635961,0.45903798550457,0.40878635655350437,-4.0547656299837175e-12,-0.32091864737534126,0.1586132836044072,0.21008758222122498,3.4733997140646327e-15,1.1796119636642288e-16,-3.4703709027648023e-15,2
0.7067554388597149,0.7207244899645892,0.4763098939355692,0.4266954083459027,4.599090282888635e-12,-0.33242097387247893,0.16474906796186736,0.21827069780094732,-3.7093592129771336e-15,5.898059818321144e-17,3.74686476358991e-15,2
0.7067291822955739,0.7464292853612406,0.49244653753504003,0.4437780533223688,-2.215207740018551e-12,-0.34309492141978964,0.17050715421472054,0.2259573775990863,1.6536952907472912e-15,7.28583859910259e-17,-1.7360027123364002e-15,2
0.7067029257314328,0.7705784205849402,0.5074913595394314,0.46005654775083055,-3.083087619009821e-13,-0.3529753463566379,0.17590169588401366,0.23316598786594178,-4.0000985356834603e-17,-3.8163916471489756e-16,-4.766581442800568e-16,2
0.7066766691672918,0.7932303869676826,0.5214872059375816,0.4755542928095175,4.344400314297749e-12,-0.36209619639365676,0.18094672976631979,0.23991476046746513,-3.100452118332116e-15,7.806255641895632e-17,3.0655475294628977e-15,2
0.7066504126031508,0.8144423780382327,0.5344761242703808,0.4902940202387481,-8.979276716215912e-12,-0.37049080075976265,0.18565598991168877,0.24622154567944562,6.098802200449324e-15,5.551115123125783e-17,-6.1991578670749195e-15,2
0.7066241560390097,0.8342695514193667,0.5464985331985805,0.5042981192810727,8.506083830356854e-12,-0.37819101592560905,0.19004270009690097,0.2521035364832728,-5.40045609000277e-15,-3.2959746043559335e-17,5.490441727930198e-15,2
0.7065978994748687,0.8527645356986291,0.557593178409843,0.5175877051347924,-7.58357381519369e-12,-0.3852274240359929,0.1941194938582885,0.2575771614285493,4.698317545558596e-15,-2.1163626406917047e-16,-4.5719979104838065e-15,2
0.7065716429107276,0.8699771156012075,0.5677967196405976,0.5301828751573012,6.9323895863784964e-12,-0.39162888775613935,0.19789831995676857,0.26265795820281845,-3.885391262719459e-15,2.6020852139652106e-17,3.868294932136099e-15,2
0.7065453863465866,0.8859540460930821,0.577143552025423,0.5421026947466107,-3.693750311877637e-12,-0.39742239555999354,0.2013903947683534,0.26736050924062754,2.0133446875862225e-15,2.7755575615628914e-17,-1.943336332744554e-15,2
0.7065191297824456,0.9007389588225178,0.5856661344272978,0.5533642996572367,-5.780167645432366e-14,-0.4026335837837125,0.20460622492674013,0.2716984703711787,-1.0690255952226717e-16,-1.717376241217039e-16,-2.2069106427953555e-16,2
0.7064928732183046,0.9143723337619791,0.5933945804728897,0.5639837015881966,4.313396449955908e-12,-0.4072861659295679,0.2075555582142962,0.2756845045057214,-2.0053903091712677e-15,-1.214306433183765e-16,2.1285817360319216e-15,2
0.7064666166541635,0.9268915159262489,0.6003570755546724,0.5739749411603958,-7.990860014707435e-12,-0.4114025170650045,0.2102474325932562,0.27933034533578727,3.3698026938696704e-15,1.1882855810441129e-16,-3.362152813732126e-15,2
0.7064403600900224,0.9383307622479963,0.6065793267689528,0.5833513024188837,5.717964484148275e-12,-0.41500288876539393,0.21269012435166196,0.2826467273690173,-2.2632389180960292e-15,-2.3071822230491534e-16,2.2993058004482425e-15,2
0.7064141035258814,0.9487213075648347,0.6120851229371551,0.5921242729544124,9.681140053754898e-13,-0.4181061672407453,0.21489122023561727,0.2856434803444666,3.2298721951493954e-17,7.268491364342822e-16,7.458272682926007e-16,2
0.7063878469617404,0.958091441555959,0.6168966960649016,0.600302986809386,-4.937984874404139e-12,-0.42073031836880304,0.21685766807954826,0.28832959532646046,1.5898560103614893e-15,-1.2923689896027213e-16,-1.543529079361579e-15,2
0.7063615903975994,0.9664665906123776,0.6210338604577335,0.607896093450204,3.831432705538647e-12,-0.42289118517989777,0.21859569822305833,0.2907131193218952,-3.6397857949574543e-19,2.0513105103425744e-15,2.171517207919706e-15,2
0.7063353338334584,0.9738694002259215,0.6245146354771876,0.6149106519445843,-1.1540529692039895e-12,-0.42460330768409926,0.2201109040402198,0.29280126102807147,3.70592790474394e-17,-5.375474371183131e-16,-5.869561957224927e-16,2
0.7063090772693172,0.9803198146713853,0.6273554771815228,0.6213518391359609,-2.305953323576386e-12,-0.42588019006528327,0.22140827903940258,0.2946004391114455,1.932822124592749e-17,-1.252145089003509e-15,-1.0602537466111269e-15,2
0.7062828207051762,0.9858351516403124,0.6295708947059487,0.6272238268251459,5.916399911127879e-12,-0.4267337645554294,0.2224921889238127,0.2961162440777985,1.3026351154139006e-17,2.3869795029440866e-15,2.2497114805505347e-15,2
0.7062565641410352,0.9904301701401805,0.6311740332199951,0.6325287940084864,-6.361182900292994e-12,-0.4271751238811565,0.22336644349219426,0.29735353286040106,2.1132041110893685e-17,-1.889113865338743e-15,-1.9409510027230736e-15,2
0.7062303075768942,0.994117130454865,0.6321762576885112,0.6372678280500435,4.851828989635876e-12,-0.4272139553094498,0.22403426328157813,0.2983163835459266,4.608437533931999e-17,1.3287981825982342e-15,1.3094263217722095e-15,2
0.7062040510127532,0.9969058453179954,0.6325872159578477,0.641440881358879,-2.6671154288451554e-12,-0.42685861167069217,0.2244982951646993,0.29900811513494646,3.148673526526458e-17,-3.7556763254897874e-16,-4.250166446906227e-16,2
0.7061777944486122,0.9988037217095324,0.6324153281662839,0.6450459482965565,8.139743097664554e-14,-0.42611671146217733,0.224760669215115,0.29943136232465845,7.384738024179995e-18,1.5612511283791264e-17,4.249084094698519e-17,2
0.706151537884471,0.9998157928751338,0.6316673973037781,0.6480798420268278,2.585071899894808e-12,-0.4249946319949058,0.22482296437128016,0.2995880289370043,-3.7359890663564057e-17,1.5612511283791264e-17,1.523698596572468e-17,2
0.70612528132033,0.9999447403060803,0.630348802611885,0.6505378787388303,-5.042050993095593e-12,-0.42349774383996447,0.22468623196704762,0.2994793183587537,5.1798373856229854e-17,3.677613769070831e-16,2.967380878277876e-16,2
0.706099024756189,0.999190905520614,0.6284633589152064,0.6524141454624547,7.796421871055348e-12,-0.42163023489381773,0.22435098396380734,0.29910571699565686,4.161074331817869e-17,-1.2559397966072083e-15,-8.654440952426609e-16,2
0.706072768192048,0.9975522915679134,0.6260138084882247,0.6537006438390383,-9.418033656648272e-12,-0.41939570126420045,0.22381724216035842,0.2984670590265373,1.7299871288081795e-17,1.5491080640472887e-15,1.5115820007091832e-15,2
0.706046511627907,0.9950245542450518,0.6230012062695833,0.6543883541821931,7.719404470601926e-12,-0.41679640407269425,0.22308447603884118,0.2975624426963903,-1.7508603699022445e-17,-1.7555401576885288e-15,-1.6429337700871788e-15,2
0.7060202550637659,0.9916009830846997,0.619425200909038,0.6544667044630532,-5.774339230498703e-12,-0.4138336173906265,0.22215162800393545,0.29639026311021605,-6.128568719636531e-17,1.6323747908941755e-15,1.4688470799867392e-15,2
0.7059939984996249,0.9872724722475343,0.6152842462242284,0.6539231695626923,5.413208075992082e-12,-0.41050787947994877,0.22101712922493602,0.2949482325383239,2.5456003068364573e-17,-2.0816681711721685e-15,-1.8701540916827838e-15,2
0.7059677419354838,0.9820274815482,0.6105752712287241,0.6527437702082826,-5.761363184560903e-12,-0.4068186120793237,0.2196788612809417,0.2932333283969566,3.6556530405643893e-17,2.42861286636753e-15,2.375224329533264e-15,2
0.7059414853713428,0.975851987970685,0.6052937642473422,0.6509128464236047,3.940436011000173e-12,-0.4027642334546873,0.2181341567298818,0.2912417931551184,4.971660019214538e-17,-1.85268467234323e-15,-1.83191440625034e-15,2
0.7059152288072018,0.968729428200856,0.5994338170869545,0.6484128919158939,5.554958009554787e-13,-0.3983422217041373,0.2163797940766141,0.2889691267321625,-3.184868255822164e-17,-3.95516952522712e-16,-3.646012952926834e-16,2
0.7058889722430608,0.9606406329406366,0.5929883444413653,0.6452241017571716,-5.141724703869171e-12,-0.3935493711403013,0.21441200757986412,0.28641009881850715,-1.5834656574272174e-15,-7.28583859910259e-17,1.593069779405018e-15,2
0.7058627156789197,0.9515637540920531,0.5859481813540208,0.6413257069380888,7.057987165343831e-12,-0.38838079830243594,0.21222639036243288,0.28355861839192914,2.342212251977722e-15,-1.700029006457271e-16,-2.357889844747242e-15,2
0.7058364591147787,0.9414741863412799,0.5783031297040733,0.6366941638625724,-5.749162397646309e-12,-0.3828311317340699,0.20981798031028268,0.2804078477276547,-2.0761697336913602e-15,-1.734723475976807e-17,2.1131768263211826e-15,2
0.7058102025506376,0.9303444852713296,0.5700415339554789,0.6313037225012327,1.9784195639099464e-12,-0.37689404452252406,0.20718120616547364,0.2769501294429271,6.998244519965671e-17,-1.6063539387545234e-15,-1.512200644775492e-15,2
0.7057839459864966,0.918144284943405,0.5611497675399805,0.6251270922430149,2.016123097177006e-12,-0.3705617153833566,0.20430982669430756,0.2731769040876725,-5.601108254405167e-18,-1.6896206656014101e-15,-1.781155075984212e-15,2
0.7057576894223556,0.9048402189769584,0.5516130280212227,0.61813408283094,-2.6253377511593733e-12,-0.36382570667598585,0.20119699115128215,0.269078790215948,-5.781949773093934e-18,2.435551760271437e-15,2.3366996280277045e-15,2
0.7057314328582145,0.8903958506265446,0.5414147404868874,0.6102924277722785,2.3619848317028634e-12,-0.35667632694125123,0.19783517260937267,0.26464549412478494,1.1574035804069343e-15,6.938893903907228e-17,-1.2169063070951524e-15,2
0.7057051762940735,0.8747716193242332,0.5305366881098058,0.6015674998039974,1.5117006305917131e-12,-0.3491027810318725,0.19421617131019592,0.2598658133592056,2.336953043941476e-17,-1.4883927423881005e-15,-1.463890937094074e-15,2
0.7056789197299325,0.8579248138003812,0.5189592702710889,0.5919218945236266,-5.02185997191016e-12,-0.3410934369314047,0.1903311333825154,0.25472766086114185,-2.7172425518935433e-15,1.0061396160665481e-16,2.6986664366640248e-15,2
0.7056526631657914,0.839809585450112,0.5066610333099972,0.581316159674553,5.751248710518054e-12,-0.3326353253044008,0.18617051091115838,0.24921801035593147,3.3625137641673814e-15,-7.979727989493313e-17,-3.3172538310591966e-15,2
0.7056264066016504,0.8203770203855045,0.49361936569405096,0.5697078933375224,-4.454909521166747e-12,-0.32371483385431,0.18172413622786293,0.24332299505658042,-2.6955400150420743e-15,1.3877787807814457e-17,2.6614296302334725e-15,2
0.7056001500375093,0.799575295040965,0.4798102581687555,0.557052362169731,1.6281846344217343e-12,-0.31431741026707594,0.1769812262371894,0.23702791243086263,3.6461809618668064e-17,-2.14064876935538e-15,-2.0543715449571325e-15,2
0.7055738934733683,0.7773499488626954,0.46520820521207074,0.5433030699930821,-1.219350784325422e-13,-0.3044274017500578,0.17193041995016442,0.23031727345750855,3.2336979741663634e-17,2.185751579730777e-16,2.518430455268305e-16,2
0.7055476369092273,0.7536443193114377,0.4497871439632886,0.5284111006597564,3.3095471334474666e-12,-0.29402889969404894,0.1665599341855506,0.22317501073313623,2.307704511429028e-15,-5.551115123125783e-17,-2.3488651933546357e-15,2
0.7055213803450863,0.7284002002417868,0.43352067281008033,0.5123258559572916,-5.635476867546111e-12,-0.28310580226515814,0.16085769297472002,0.21558465127862939,-4.125772734678942e-15,3.469446951953614e-18,4.092503867047215e-15,2
0.7054951237809453,0.7015588061758321,0.41638213830177434,0.49499642229488444,6.9350850789006934e-12,-0.2716417039803817,0.15481149814983008,0.2075295445925196,5.2073822621306425e-15,3.469446951953614e-18,-5.228521847812116e-15,2
0.7054688672168041,0.6730621541143549,0.39834605957263164,0.4763717112237836,-7.164120721215256e-12,-0.2596210177734791,0.1484093861073479,0.19899334122878953,-5.600543755801177e-15,-2.0816681711721685e-17,5.577399987808553e-15,2
0.7054426106526631,0.6428550140857835,0.37938900716484564,0.4564022369204199,6.264274599352547e-12,-0.2470294486731138,0.14164003330282435,0.18996053695996024,5.0650547804210195e-15,3.122502256758253e-17,-5.075489565465582e-15,2
0.7054163540885221,0.6108876333356345,0.3594913372658201,0.4350418890092519,-5.6214212813223874e-12,-0.2338551555995863,0.13449336621631613,0.18041729219560307,-4.716110827398576e-15,3.469446951953614e-17,4.673082716562328e-15,2
0.7053900975243811,0.5771195118172829,0.3386392484677557,0.4122508541226992,2.8692940014237164e-12,-0.22009003519586606,0.12696137714005892,0.17035252854483357,2.4764799686402755e-15,6.938893903907228e-18,-2.486259228476631e-15,2
0.7053638409602401,0.5415246047058451,0.31682754604651053,0.38799971408547856,1.0858853923231971e-12,-0.2057314400803992,0.11903924290539027,0.15975943334479226,1.0216154622361125e-15,-1.1796119636642288e-16,-9.305928000964772e-16,2
0.705337584396099,0.5040984585777053,0.2940643316364177,0.3622738820523156,-3.741786382403969e-12,-0.19078537465537115,0.11072693395746551,0.1486376250434518,-3.4080770934838485e-15,1.3877787807814457e-17,3.4152920331243467e-15,2
0.7053113278319579,0.46486795967901284,0.2703756779704995,0.3350819284434568,4.3544921145665665e-12,-0.17526926122037248,0.1020312681053749,0.13699591757039126,4.14151739834355e-15,1.734723475976807e-17,-4.128367298796404e-15,2
0.7052850712678169,0.4239045911968658,0.24581361369839252,0.3064647550166435,-4.092681687180765e-12,-0.15921722171583083,0.09296883880288959,0.12485626383203226,-3.97800211785561e-15,2.0816681711721685e-17,3.977264149332088e-15,2
0.7052588147036759,0.38134235850882114,0.2204658745674088,0.27650935314206265,3.844303759173464e-12,-0.1426862648234088,0.08356988747056825,0.1122589720555616,3.824204245483369e-15,-2.0816681711721685e-17,-3.8369806342979116e-15,2
0.7052325581395349,0.33740181850032275,0.19446925411120816,0.24536686405944994,-2.2348234314794006e-12,-0.12576485341456287,0.07388351730050625,0.09926973167171425,-2.301095168302665e-15,0.0,2.281472399898815e-15,2
0.7052063015753938,0.2924218500790001,0.16802709648090425,0.21327663923131857,1.1854769843146329e-12,-0.10858410753888487,0.06398457313540552,0.08598888751300861,1.2364852829568319e-15,2.2551405187698492e-17,-1.2865703480241123e-15,2
0.7051800450112528,0.24690069156194036,0.14143154942981426,0.18059771267661065,-5.889486998056549e-13,-0.09133200148700778,0.05398249978434415,0.07256338548507751,-6.447680013688417e-16,8.673617379884035e-18,6.428006118313658e-16,2
0.7051537884471117,0.2015467868139032,0.11509140655429255,0.14784742138188917,3.288626438451178e-13,-0.07427122863592327,0.04403233765582785,0.059201607929040764,3.640831501894619e-16,3.642919299551295e-17,-3.7382977263302763e-16,2
0.7051275318829707,0.1573368720700396,0.08956310026571662,0.11574646997710143,1.927348620387868e-13,-0.057758956633730485,0.034347215841933613,0.04619024181132266,2.320357256093648e-16,-1.214306433183765e-17,-2.1542184671377618e-16,2
0.7051012753188297,0.11557083323053978,0.06557934628040052,0.08526213480358427,-6.749201041280252e-13,-0.042265058899426396,0.025210094100545928,0.0339101586027866,-7.778457332764791e-16,9.540979117872439e-18,7.729582805653263e-16,2
0.7050750187546886,0.07789492212994795,0.044059189486578894,0.057628788527072136,5.194077921195736e-13,-0.028378327088085895,0.016978548245896022,0.022842955005513504,6.142578149970602e-16,1.734723475976807e-18,-6.14744791187844e-16,2
0.7050487621905476,0.0462282455624798,0.026063427559656092,0.034296660203520714,-2.3716005665313413e-13,-0.016777590128255342,0.010068482298030652,0.013549143334557987,-2.8572538033533615e-16,-1.3010426069826053e-18,2.8576491286791806e-16,2
0.7050225056264066,0.022464786424288875,0.012624424476741832,0.016712919350864518,1.3194019034352216e-13,-0.00812212179737867,0.0048890464372334215,0.006580634969474204,1.6176142319646225e-16,2.6020852139652106e-18,-1.6235688235893501e-16,2
0.7049962490622655,0.007764068199987121,0.004348828163225395,0.0057921056936787365,-6.424476149649068e-14,-0.0027964191842503247,0.0016884048337872193,0.002273085408900156,-8.019366037466905e-17,-5.421010862427522e-20,8.022225986503451e-17,2
0.7049699924981245,0.0013938293015618324,0.0007781337112181425,0.0010426669554504775,1.532757581952581e-14,-0.0005001136564520685,0.00030287420637011215,0.0004078464626363621,1.9560273798514962e-17,1.3552527156068805e-20,-1.966087529587002e-17,2
0.7049437359339834,5.4344889642863406e-05,3.023801532062658e-05,4.076386096844531e-05,-5.944276028438413e-16,-1.9425166632742575e-05,1.1799863545936854e-05,1.589301718793443e-05,-7.735588250279305e-19,4.658681209898652e-21,7.723830000981004e-19,2
0.7049174793698424,1.1899245876940559e-08,6.598605790500273e-09,8.949695780912964e-09,1.2485772719457728e-19,-4.237145205273454e-09,2.581686164237705e-09,3.477983243596025e-09,1.6441112334038007e-22,2.0679515313825692e-24,-1.6562175642029632e-22,2
0.7048912228057014,3.20071173931528e-41,1.7689095080369853e-41,2.413789361598266e-41,-3.6818286311155836e-52,-1.1354011222480051e-41,6.938993407792752e-42,9.350070697868317e-42,-4.938346582425236e-55,-3.8234205867178855e-57,4.984177652455709e-55,2
0.7048649662415604,0.0,0.0,0.0,0.0,0.0,0.0,0.0,0.0,0.0,0.0,0
0.7048387096774194,0.0,0.0,0.0,0.0,0.0,0.0,0.0,0.0,0.0,0.0,0
0.7048124531132783,0.0,0.0,0.0,0.0,0.0,0.0,0.0,0.0,0.0,0.0,0
0.7047861965491372,0.0,0.0,0.0,0.0,0.0,0.0,0.0,0.0,0.0,0.0,0
0.7047599399849962,0.0,0.0,0.0,0.0,0.0,0.0,0.0,0.0,0.0,0.0,0
0.7047336834208552,0.0,0.0,0.0,0.0,0.0,0.0,0.0,0.0,0.0,0.0,0
0.7047074268567142,0.0,0.0,0.0,0.0,0.0,0.0,0.0,0.0,0.0,0.0,0
0.7046811702925732,0.0,0.0,0.0,0.0,0.0,0.0,0.0,0.0,0.0,0.0,0
0.7046549137284321,0.0,0.0,0.0,0.0,0.0,0.0,0.0,0.0,0.0,0.0,0
0.704628657164291,0.0,0.0,0.0,0.0,0.0,0.0,0.0,0.0,0.0,0.0,0
0.70460240060015,0.0,0.0,0.0,0.0,0.0,0.0,0.0,0.0,0.0,0.0,0
0.704576144036009,0.0,0.0,0.0,0.0,0.0,0.0,0.0,0.0,0.0,0.0,0
0.704549887471868,0.0,0.0,0.0,0.0,0.0,0.0,0.0,0.0,0.0,0.0,0
0.704523630907727,0.0,0.0,0.0,0.0,0.0,0.0,0.0,0.0,0.0,0.0,0
0.7044973743435858,0.0,0.0,0.0,0.0,0.0,0.0,0.0,0.0,0.0,0.0,0
0.7044711177794448,0.0,0.0,0.0,0.0,0.0,0.0,0.0,0.0,0.0,0.0,0
0.7044448612153038,0.0,0.0,0.0,0.0,0.0,0.0,0.0,0.0,0.0,0.0,0
0.7044186046511628,0.0,0.0,0.0,0.0,0.0,0.0,0.0,0.0,0.0,0.0,0
0.7043923480870218,0.0,0.0,0.0,0.0,0.0,0.0,0.0,0.0,0.0,0.0,0
0.7043660915228807,0.0,0.0,0.0,0.0,0.0,0.0,0.0,0.0,0.0,0.0,0
0.7043398349587396,0.0,0.0,0.0,0.0,0.0,0.0,0.0,0.0,0.0,0.0,0
0.7043135783945986,0.0,0.0,0.0,0.0,0.0,0.0,0.0,0.0,0.0,0.0,0
0.7042873218304576,0.0,0.0,0.0,0.0,0.0,0.0,0.0,0.0,0.0,0.0,0
0.7042610652663166,0.0,0.0,0.0,0.0,0.0,0.0,0.0,0.0,0.0,0.0,0
0.7042348087021755,0.0,0.0,0.0,0.0,0.0,0.0,0.0,0.0,0.0,0.0,0
0.7042085521380345,0.0,0.0,0.0,0.0,0.0,0.0,0.0,0.0,0.0,0.0,0
0.7041822955738934,0.0,0.0,0.0,0.0,0.0,0.0,0.0,0.0,0.0,0.0,0
0.7041560390097524,0.0,0.0,0.0,0.0,0.0,0.0,0.0,0.0,0.0,0.0,0
0.7041297824456114,0.0,0.0,0.0,0.0,0.0,0.0,0.0,0.0,0.0,0.0,0
0.7041035258814703,0.0,0.0,0.0,0.0,0.0,0.0,0.0,0.0,0.0,0.0,0
0.7040772693173293,0.0,0.0,0.0,0.0,0.0,0.0,0.0,0.0,0.0,0.0,0
0.7040510127531883,0.0,0.0,0.0,0.0,0.0,0.0,0.0,0.0,0.0,0.0,0
0.7040247561890473,0.0,0.0,0.0,0.0,0.0,0.0,0.0,0.0,0.0,0.0,0
0.7039984996249062,0.0,0.0,0.0,0.0,0.0,0.0,0.0,0.0,0.0,0.0,0
0.7039722430607651,0.0,0.0,0.0,0.0,0.0,0.0,0.0,0.0,0.0,0.0,0
0.7039459864966241,0.0,0.0,0.0,0.0,0.0,0.0,0.0,0.0,0.0,0.0,0
0.7039197299324831,0.0,0.0,0.0,0.0,0.0,0.0,0.0,0.0,0.0,0.0,0
0.7038934733683421,0.0,0.0,0.0,0.0,0.0,0.0,0.0,0.0,0.0,0.0,0
0.7038672168042011,0.0,0.0,0.0,0.0,0.0,0.0,0.0,0.0,0.0,0.0,0
0.7038409602400599,0.0,0.0,0.0,0.0,0.0,0.0,0.0,0.0,0.0,0.0,0
0.7038147036759189,0.0,0.0,0.0,0.0,0.0,0.0,0.0,0.0,0.0,0.0,0
0.7037884471117779,0.0,0.0,0.0,0.0,0.0,0.0,0.0,0.0,0.0,0.0,0
0.7037621905476369,0.0,0.0,0.0,0.0,0.0,0.0,0.0,0.0,0.0,0.0,0
0.7037359339834959,0.0,0.0,0.0,0.0,0.0,0.0,0.0,0.0,0.0,0.0,0
0.7037096774193548,0.0,0.0,0.0,0.0,0.0,0.0,0.0,0.0,0.0,0.0,0
0.7036834208552137,0.0,0.0,0.0,0.0,0.0,0.0,0.0,0.0,0.0,0.0,0
0.7036571642910727,0.0,0.0,0.0,0.0,0.0,0.0,0.0,0.0,0.0,0.0,0
0.7036309077269317,0.0,0.0,0.0,0.0,0.0,0.0,0.0,0.0,0.0,0.0,0
0.7036046511627907,0.0,0.0,0.0,0.0,0.0,0.0,0.0,0.0,0.0,0.0,0
0.7035783945986497,0.0,0.0,0.0,0.0,0.0,0.0,0.0,0.0,0.0,0.0,0
0.7035521380345086,0.0,0.0,0.0,0.0,0.0,0.0,0.0,0.0,0.0,0.0,0
0.7035258814703675,0.0,0.0,0.0,0.0,0.0,0.0,0.0,0.0,0.0,0.0,0
0.7034996249062265,0.0,0.0,0.0,0.0,0.0,0.0,0.0,0.0,0.0,0.0,0
0.7034733683420855,0.0,0.0,0.0,0.0,0.0,0.0,0.0,0.0,0.0,0.0,0
0.7034471117779445,0.0,0.0,0.0,0.0,0.0,0.0,0.0,0.0,0.0,0.0,0
0.7034208552138034,0.0,0.0,0.0,0.0,0.0,0.0,0.0,0.0,0.0,0.0,0
0.7033945986496624,0.0,0.0,0.0,0.0,0.0,0.0,0.0,0.0,0.0,0.0,0
0.7033683420855213,0.0,0.0,0.0,0.0,0.0,0.0,0.0,0.0,0.0,0.0,0
0.7033420855213803,0.0,0.0,0.0,0.0,0.0,0.0,0.0,0.0,0.0,0.0,0
0.7033158289572393,0.0,0.0,0.0,0.0,0.0,0.0,0.0,0.0,0.0,0.0,0
0.7032895723930983,0.0,0.0,0.0,0.0,0.0,0.0,0.0,0.0,0.0,0.0,0
0.7032633158289572,0.0,0.0,0.0,0.0,0.0,0.0,0.0,0.0,0.0,0.0,0
0.7032370592648162,0.0,0.0,0.0,0.0,0.0,0.0,0.0,0.0,0.0,0.0,0
0.7032108027006752,0.0,0.0,0.0,0.0,0.0,0.0,0.0,0.0,0.0,0.0,0
0.7031845461365341,0.0,0.0,0.0,0.0,0.0,0.0,0.0,0.0,0.0,0.0,0
0.7031582895723931,0.0,0.0,0.0,0.0,0.0,0.0,0.0,0.0,0.0,0.0,0
