u,x,phi,f,h,phiprime,A0prime,a1,a2,a3,a4,a5,a6,a7,a8,a9,b1,b2,b3,b4,b5,c1,c2,c3,c4,c5,c6,d1,d2,d3,d4,e1,e2,e3,e4,v1,v2,v3,v4,v5,v6,v7,v8,v9,v10,v11,v12,v13,F_tensor,G_tensor,H_tensor,mu,P1,K_scalar,photon_factor
0.7297981866724434,1.3702418261129932,0.8937572741757306,0.2788376230440502,0.4907106583544481,-1.0733609450323287,0.0,0.15457147366528076,-3.5362132976219867,-0.1704731268281534,0.18495174612445223,35.963956668890205,1.8829748361258074e-14,0.3612446831295029,-0.18845295386966981,-0.4502417416914234,0.33164775991372214,-1.1086844879671198,16.497633922058537,1.2227412138083131,-0.6632955198274443,-1.129672312075907,-0.3526115463414846,0.0,0.15534476534304972,-0.1579844515899435,-0.0052070828166027455,0.33164775991372214,0.15245866414681036,-2.595982618479166,0.09850629748065858,9.381445179039613,-0.05226286447982591,0.0,-1.4996060529584474,1.2453789019194377,0.0,-0.0,0.0,0.0,0.0,0.0,-0.0,1.3517039186630735,-0.1849517461244522,0.0,0.0,0.0,1.0,1.0,1.0,1.8434335484828968,4.799464561479564,8.598929122959127,-0.12456356339490299
0.7295033745885838,1.370795577969694,0.8931618070394471,0.2790130594546783,0.4889933645313721,-1.0772997600401053,0.0,0.1538912554287847,-3.5030180677478353,-0.17027311623448363,0.18468590545229413,31.734791834642706,4.8926002300079306e-14,0.3609992219270299,-0.1888429566209843,-0.45011239486091614,0.3309628334481127,-1.1031114868211547,16.356439135932916,1.220538684227016,-0.6619256668962255,-1.1279411612040215,-0.351169808275787,0.0,0.15504713936409786,-0.1581464655231966,-0.005135456835933971,0.3309628334481127,0.15163404467722952,-2.5715755766286463,0.09828525378375223,9.34008172184854,-0.051739571835624894,0.0,-1.490480368935522,1.2438116240897594,0.0,-0.0,0.0,0.0,0.0,0.0,-0.0,1.3536495889480695,-0.18468590545229413,0.0,0.0,0.0,1.0,1.0,1.0,1.8439210703977251,4.807171031451184,8.614342062902368,-0.12273873704075433
0.729208800595392,1.371349329826395,0.8925641645187715,0.2791893033059729,0.4872807912948932,-1.0812178379674307,0.0,0.15321887018370894,-3.471447413544425,-0.1700733496128884,0.18442043313852483,31.914557469442737,-3.9678250576117887e-14,0.3605201583453122,-0.18923425305607525,-0.4499379175724388,0.3302784722672779,-1.0975984278007331,16.219965590687593,1.2183371468676887,-0.6605569445345558,-1.1262484048303958,-0.3497437134923035,0.0,0.15475448881078044,-0.1583065619495857,-0.005064498990447516,0.3302784722672779,0.15081777952830758,-2.5479105517425307,0.09806473079419586,9.296644586169366,-0.05122579415779738,0.0,-1.480032817301609,1.2422427190401613,0.0,-0.0,0.0,0.0,0.0,0.0,-0.0,1.3555981609272982,-0.18442043313852485,0.0,0.0,0.0,1.0,1.0,1.0,1.8444089596638154,4.813433840992872,8.626867681985743,-0.12091749278942676
0.7289144644045606,1.3719030816830955,0.8919643581443222,0.2793663532255726,0.4855730623922452,-1.0851149204615402,0.0,0.1525542954353678,-3.4396150969335952,-0.16987382475495236,0.18415535266799535,31.736495683728428,2.200124789144171e-14,0.3601077402205359,-0.18962682130751615,-0.44971775011404563,0.3295947248867516,-1.092145089585565,16.083371926449267,1.2161366091054553,-0.6591894497735032,-1.1245939840700347,-0.34833336526219255,0.0,0.15446738126910964,-0.15846447525313334,-0.004994478543596789,0.3295947248867516,0.1500103987251042,-2.524268135368281,0.09784473994514452,9.254769783582134,-0.05072074094831485,0.0,-1.471054607523242,1.2406723720265287,0.0,-0.0,0.0,0.0,0.0,0.0,-0.0,1.3575494623320168,-0.18415535266799535,0.0,0.0,0.0,1.0,1.0,1.0,1.8448969556829504,4.820083934231073,8.640167868462147,-0.1190996776791009
0.7286203657282482,1.3724568335397966,0.891362399678396,0.2795442077714672,0.4838703011817106,-1.0889905303241876,0.0,0.1518975347715259,-3.408122260690485,-0.16967454240774985,0.18389068764349006,31.507492867779003,-2.944628347933702e-15,0.3596293089974791,-0.19002063899601945,-0.4494517203231852,0.3289116399682734,-1.0867514371516156,15.94794735592904,1.213937099683797,-0.6578232799365468,-1.1229780320238143,-0.3469386700216435,0.0,0.1541858439024975,-0.1586201432166834,-0.004925434766609768,0.3289116399682734,0.14921190145411536,-2.5008398816761037,0.0976252926944486,9.212813178326442,-0.050224192526825764,0.0,-1.4609899429206443,1.2391007694495382,0.0,-0.0,0.0,0.0,0.0,0.0,-0.0,1.3595033179965939,-0.18389068764349006,0.0,0.0,0.0,1.0,1.0,1.0,1.8453848270631177,4.826318418914978,8.652636837829956,-0.11728554743954073
0.7283265042790769,1.3730105853964976,0.8907583010939768,0.2797228654398175,0.4821726306969622,-1.0928444381479578,0.0,0.1512484776512156,-3.3767847115613323,-0.1694755470228681,0.18362646180167577,31.50897686876337,-3.157001245424397e-14,0.3590858970093619,-0.19041568321313748,-0.44913946527307763,0.3282292663364395,-1.081416618647908,15.813035778815749,1.211738959962362,-0.656458532672879,-1.1213998366982811,-0.3455591050245276,0.0,0.15390890612118674,-0.15877405891668944,-0.004856925900864506,0.3282292663364395,0.1484213243042888,-2.4775282361952993,0.0974064005329781,9.17077246022806,-0.04973676219971924,0.0,-1.4496911495250382,1.2375280989202473,0.0,-0.0,0.0,0.0,0.0,0.0,-0.0,1.3614595497135398,-0.18362646180167577,0.0,0.0,0.0,1.0,1.0,1.0,1.8458728154976787,4.832143336835543,8.664286673671086,-0.11547516155302734
0.7280328797701328,1.3735643372531985,0.890152074540784,0.2799023246775475,0.4804801737172334,-1.0966759398666506,0.0,0.15060712144354,-3.3454935735312983,-0.16927686094273794,0.18336269903181338,31.341567401756095,2.0089576378443384e-15,0.3585010553192193,-0.19081193050405015,-0.4487808890264422,0.3275476529947554,-1.076140554509807,15.678409802993531,1.2095423725954968,-0.6550953059895108,-1.1198594795121812,-0.3441945737782207,0.0,0.15363643360285964,-0.15892624712647857,-0.004788899868423291,0.3275476529947554,0.1476385206135964,-2.454299760612125,0.09718807499436945,9.128952679962307,-0.04925843588316071,0.0,-1.4396374747089373,1.2359545493237463,0.0,-0.0,0.0,0.0,0.0,0.0,-0.0,1.3634179760662504,-0.18336269903181338,0.0,0.0,0.0,1.0,1.0,1.0,1.846360921131167,4.8376949446091535,8.675389889218307,-0.11366884626222967
0.7277394919149646,1.3741180891098992,0.8895437326198717,0.2800825837775281,0.4787930519906445,-1.1004846785259246,0.0,0.14997341670031425,-3.3144064958217943,-0.16907850588436746,0.18309942319424988,31.153334156314443,-2.2569463318981534e-14,0.35791530187526555,-0.1912093569789601,-0.44837574576031947,0.3268668489214011,-1.0709228305280087,15.544894548948294,1.2073475158931546,-0.6537336978428022,-1.1183566951060668,-0.3428453564005246,0.0,0.15336923872342764,-0.15907625157527086,-0.004721776608970191,0.3268668489214011,0.1468642517797433,-2.4312768503922415,0.09697032755868883,9.087843607547187,-0.04878838507267347,0.0,-1.4299394200431959,1.234380310051204,0.0,-0.0,0.0,0.0,0.0,0.0,-0.0,1.3653784137527043,-0.18309942319424988,0.0,0.0,0.0,1.0,1.0,1.0,1.8468491373125993,4.843219642786876,8.686439285573751,-0.11186674853107409
0.7274463404275818,1.3746718409666,0.8889332879205192,0.2802636410532227,0.4771113873905607,-1.1042704046527567,0.0,0.14934734130117963,-3.283452580995261,-0.1688804812912849,0.1828366583989882,31.11023756988841,-4.7004357509433375e-15,0.3572599458231838,-0.19160793813680152,-0.44792373912991884,0.32618690335980305,-1.0657632273664654,15.41179129816893,1.205154408589262,-0.6523738067196061,-1.116891417322259,-0.3415109690277184,0.0,0.15310655446568688,-0.15922445383015688,-0.004655209002171215,0.32618690335980305,0.14609776123942464,-2.4083557319449778,0.09675316980002316,9.046592498139757,-0.04832696126043088,0.0,-1.4187702286973147,1.232805572098286,0.0,-0.0,0.0,0.0,0.0,0.0,-0.0,1.36734067549215,-0.1828366583989882,0.0,0.0,0.0,1.0,1.0,1.0,1.8473372109301194,4.8482968381763065,8.696593676352613,-0.11006896266036104
0.7271534250224554,1.375225592823301,0.8883207534250539,0.2804454946851123,0.4754353008653679,-1.1080324075100727,0.0,0.1487288194626593,-3.2526472607823558,-0.16868285107233078,0.18257442875574972,30.96454867769819,-2.8473313674368905e-15,0.35654084279939074,-0.19200764901495032,-0.44742481014500984,0.3255078655493228,-1.0606611429408332,15.279197495953497,1.202963529592301,-0.6510157310986456,-1.1154631776503146,-0.3401912859572881,0.0,0.15284804061648039,-0.15937098955998957,-0.004589047557596246,0.3255078655493228,0.14533870835435664,-2.3855511400272125,0.09653661325390968,9.005277046858204,-0.04787440953890693,0.0,-1.408331316011516,1.2312305270511263,0.0,-0.0,0.0,0.0,0.0,0.0,-0.0,1.3693045718601318,-0.18257442875574972,0.0,0.0,0.0,1.0,1.0,1.0,1.847825593341954,4.852962865446586,8.705925730893172,-0.10827581650744034
0.7268607454145157,1.3757793446800015,0.8877061423359254,0.2806281427850452,0.4737649128008659,-1.1117704576191059,0.0,0.14811783128467224,-3.2219820103881514,-0.16848561283290764,0.1823127584646957,30.779256460213713,7.224488732069713e-15,0.35581140406474565,-0.19240846413348245,-0.4468786919693459,0.3248297848094714,-1.0556163741433953,15.147426712070407,1.2007748842350696,-0.6496595696189428,-1.1140719221930802,-0.3388865003680308,0.0,0.15259443224944402,-0.15951544909505028,-0.004523676856084902,0.3248297848094714,0.144587775777111,-2.3629094518719844,0.09632066946538419,8.964542623664743,-0.04742990220390583,0.0,-1.3990930366198047,1.2296553674056636,0.0,-0.0,0.0,0.0,0.0,0.0,-0.0,1.3712699105938422,-0.18231275846469572,0.0,0.0,0.0,1.0,1.0,1.0,1.8483140099658397,4.857535184004422,8.715070368008844,-0.10648740412315294
0.7265683013191516,1.3763330965367029,0.8870894680205043,0.2808115834171154,0.472100343158894,-1.1154840976226685,0.0,0.1475143342715887,-3.1914804480357155,-0.16828879422197246,0.1820516718504753,30.642325060646165,-1.9190098604131295e-16,0.3550504308494757,-0.19281035746801237,-0.4462852235856297,0.32415271057400996,-1.05062855653267,15.016427696827822,1.1985886919201447,-0.6483054211480199,-1.1127174251799494,-0.3375965369273867,0.0,0.15234570147072785,-0.15965781837228527,-0.004459102992683692,0.32415271057400996,0.14384491588622608,-2.3404231001906863,0.09610535000687902,8.924127168902471,-0.046993321402423446,0.0,-1.388719093634987,1.2280802866986646,0.0,-0.0,0.0,0.0,0.0,0.0,-0.0,1.3732364963137103,-0.18205167185047527,0.0,0.0,0.0,1.0,1.0,1.0,1.8488025131699233,4.861888043373887,8.723776086747774,-0.10470392045733817
0.7262760924522103,1.3768868483934036,0.8864707441057357,0.280995814560815,0.4704417111773505,-1.1191730866852374,0.0,0.14691829481435661,-3.161108682107704,-0.168092402450004,0.18179119329306306,30.57747920438439,2.60668710777356e-15,0.35424033244755854,-0.193213302491932,-0.4456441483691068,0.3234766923080247,-1.0456973890802175,14.885966535258442,1.196405026265075,-0.6469533846160495,-1.111399525419636,-0.3363208202090322,0.0,0.15210082324577018,-0.15979861594884798,-0.00439485379468775,0.3234766923080247,0.14310914311844772,-2.3180572871999487,0.09589066644159461,8.883808297424538,-0.046565228600348556,0.0,-1.3773880663738511,1.2265054791956436,0.0,-0.0,0.0,0.0,0.0,0.0,-0.0,1.3752041310217842,-0.18179119329306306,0.0,0.0,0.0,1.0,1.0,1.0,1.8492909299409743,4.865909313634696,8.731818627269393,-0.10292546557006471
0.7259841185299956,1.3774406002501045,0.8858499843418842,0.281180834163227,0.4687891357442696,-1.1228367711480958,0.0,0.14632966353199037,-3.1308669288228588,-0.16789648455112882,0.1815313473172278,30.449082126008605,6.738765808494619e-15,0.35336072366970894,-0.19361727211214153,-0.444955450543243,0.32280177960466516,-1.0408224583831003,14.755918366093468,1.194224243987156,-0.6456035592093303,-1.1101179389861993,-0.3350593430777104,0.0,0.1518597837603292,-0.159937809346932,-0.004330937812256547,0.32280177960466516,0.14238043356663277,-2.2957937276893254,0.09567663037065333,8.843344481190957,-0.04614556751620013,0.0,-1.3666082861947668,1.2249311402590433,0.0,-0.0,0.0,0.0,0.0,0.0,-0.0,1.3771726134061162,-0.18153134731722778,0.0,0.0,0.0,1.0,1.0,1.0,1.8497795232878216,4.869473832639073,8.738947665278147,-0.10115234686427743
0.7256923792692673,1.3779943521068052,0.8852272029391327,0.2813666400076747,0.4671427343373183,-1.1264748467355237,0.0,0.14574839985814658,-3.1007752757957507,-0.16770105719780037,0.18127215834518623,30.284796545292178,7.690991103318731e-14,0.35246459857273993,-0.19402223883706146,-0.44421893347272584,0.32212802189385664,-1.0360034142936851,14.626690702342803,1.192046485633308,-0.6442560437877133,-1.1088724474794027,-0.3338121309448155,0.0,0.15162284690698102,-0.16007523636260157,-0.004267508278848781,0.32212802189385664,0.14165902258427143,-2.2736927451109166,0.0954632533026504,8.803367285220409,-0.0457339465164223,0.0,-1.3565615085621205,1.223357465244558,0.0,-0.0,0.0,0.0,0.0,0.0,-0.0,1.3791417406965456,-0.1812721583451862,0.0,0.0,0.0,1.0,1.0,1.0,1.8502682235234031,4.87290147016435,8.7458029403287,-0.09938469826311935
0.7254008743872405,1.378548103963506,0.8846024140636654,0.2815532299087945,0.4655026245141246,-1.130086930927474,0.0,0.14517447760150567,-3.0708100501149342,-0.1675061355229507,0.1810136510480443,30.182010272356294,-4.584255531361685e-15,0.3515309215441002,-0.19442817453175482,-0.44343446232756545,0.32145546884097426,-1.0312400084952538,14.498066926826413,1.1898718801926877,-0.6429109376819485,-1.1076629369937774,-0.33257914108299425,0.0,0.151390104280551,-0.16021082382096516,-0.004204630532036624,0.32145546884097426,0.140944981736127,-2.25172221803843,0.0952505468389185,8.763619633330473,-0.04533012037631998,0.0,-1.345589509642255,1.2217846510145298,0.0,-0.0,0.0,0.0,0.0,0.0,-0.0,1.3811113059845719,-0.1810136510480443,0.0,0.0,0.0,1.0,1.0,1.0,1.850756940740249,4.876062940460849,8.752125880921698,-0.09762268903591176
0.7251096036015847,1.3791018558202068,0.8839756323371554,0.2817406015172581,0.4638689223280205,-1.1336726287980377,0.0,0.1446078529216099,-3.0409932755450946,-0.16731174576870875,0.18075584997577449,30.0623726766402,-2.2133375224055815e-15,0.3505414104423766,-0.19483505067402931,-0.44260191303038393,0.32078416991081465,-1.0265318675608202,14.37001088235263,1.1877006357456792,-0.6415683398216293,-1.10648915905916,-0.3313599274971529,0.0,0.1511606845117891,-0.1603450035215629,-0.004141902380245505,0.32078416991081465,0.14023748764569902,-2.229876786339747,0.09503852247856638,8.723878441285834,-0.04493459248003574,0.0,-1.3346192249593303,1.2202128942835648,0.0,-0.0,0.0,0.0,0.0,0.0,-0.0,1.3830811010183397,-0.18075584997577449,0.0,0.0,0.0,1.0,1.0,1.0,1.8512457084086897,4.878843609337857,8.757687218675715,-0.09586650164284732
0.7248185666304219,1.3796556076769078,0.8833468723656807,0.2819287525035279,0.4622417437896511,-1.1372315194036529,0.0,0.14404848181302093,-3.0113180713417265,-0.16711791694798123,0.18049877990008112,29.91669336387169,-3.8121190023940115e-17,0.3495121769429543,-0.19524283810920737,-0.44172120886680677,0.32011417476446014,-1.02187861673469,14.242600707187407,1.1855329792649651,-0.6402283495289203,-1.1053508585755385,-0.3301546884557179,0.0,0.15093516285742534,-0.16047744546828802,-0.004079624695560308,0.32011417476446014,0.13953706575678254,-2.2081680434045285,0.09482719179898028,8.684333630099843,-0.04454679589824648,0.0,-1.3238895853764676,1.2186423931268993,0.0,-0.0,0.0,0.0,0.0,0.0,-0.0,1.3850509135762177,-0.18049877990008112,0.0,0.0,0.0,1.0,1.0,1.0,1.8517345883500471,4.881340197668368,8.762680395336735,-0.09411633323685503
0.7245277631923271,1.380209359533609,0.882716149215396,0.2821176803700584,0.4606212032705017,-1.1407632734260285,0.0,0.1434963298092867,-2.9817804763288454,-0.1669246663309628,0.1802424654430381,29.824264549773844,-1.866052992930574e-15,0.3484474361843486,-0.19565150731586053,-0.44079220902232147,0.3194455328120717,-1.0172799494243694,14.115848893406566,1.1833690544456836,-0.6388910656241434,-1.104247852901126,-0.32896303229220386,0.0,0.1507128272629676,-0.16060850236592283,-0.004017473309338063,0.3194455328120717,0.13884304768433484,-2.1865977697964833,0.0946165662605295,8.645029640384463,-0.044167081085787395,0.0,-1.3123012959002516,1.2170733452801692,0.0,-0.0,0.0,0.0,0.0,0.0,-0.0,1.3870205302923317,-0.18024246544303807,0.0,0.0,0.0,1.0,1.0,1.0,1.8522235137059406,4.883576348531223,8.767152697062446,-0.0923723312650237
0.7242371930063268,1.3807631113903096,0.8820834778899217,0.2823073826571328,0.459007415219836,-1.1442674753630209,0.0,0.1429513591783915,-2.9523575953200325,-0.16673202008325722,0.1799869314776268,29.68535761387278,-1.6740045107319952e-15,0.3473280338507872,-0.19606102811152215,-0.4398148680135956,0.3187782936874592,-1.0127355355209282,13.98955567477005,1.1812090673218854,-0.6375565873749184,-1.1031799290605042,-0.3277848977703914,0.0,0.15049366204029996,-0.1607381549171782,-0.003955461511389008,0.3187782936874592,0.13815541364017128,-2.165136395723545,0.09440665741708874,8.605735751109066,-0.04379531623638588,0.0,-1.3013060718548637,1.2155059499457241,0.0,-0.0,0.0,0.0,0.0,0.0,-0.0,1.3889897335744965,-0.1799869314776268,0.0,0.0,0.0,1.0,1.0,1.0,1.8527125132302484,4.885431788547575,8.77086357709515,-0.09063469730686735
0.7239468557918978,1.3813168632470103,0.8814488738990078,0.282497856716482,0.4574004921712326,-1.147743713324623,0.0,0.142413533017946,-2.92309995068205,-0.16654000380302497,0.17973220266512982,29.54839969329907,-1.228853981523509e-13,0.34618450406352075,-0.19647136999345993,-0.43878912597935765,0.31811250668268093,-1.0082450512951948,13.864090693497872,1.1790532200048964,-0.6362250133653619,-1.1021468806353492,-0.3266202639630939,0.0,0.15027774571077332,-0.1608663370162018,-0.0038936471380067034,0.31811250668268093,0.1374742297009821,-2.143838647452993,0.09419747667317455,8.566809902973771,-0.043431301533892595,0.0,-1.289798034680989,1.2139404056390468,0.0,-0.0,0.0,0.0,0.0,0.0,-0.0,1.390958305150193,-0.1797322026651298,0.0,0.0,0.0,1.0,1.0,1.0,1.8532016114364986,4.8870937653834305,8.774187530766861,-0.08890362291069703
0.7236567512689664,1.3818706151037112,0.880812352666327,0.2826890999465192,0.4558005467818579,-1.1511917746999605,0.0,0.14188281349854037,-2.8939515427407727,-0.16634863031270772,0.179478303928981,29.489773390270624,1.4867277007103879e-13,0.34498205977964697,-0.19688250178304167,-0.4377148286070828,0.31744822131970385,-1.0038081661116938,13.739039509991283,1.1769016233323362,-0.6348964426394077,-1.1011484883015152,-0.325468689866957,0.0,0.15006427584783955,-0.16099345358801093,-0.0038316660896003107,0.31744822131970385,0.13679875796773763,-2.1226430089275716,0.09398903553265213,8.52783324945273,-0.043075418693582286,0.0,-1.2771577917151076,1.212376912367377,0.0,-0.0,0.0,0.0,0.0,0.0,-0.0,1.3929260224061635,-0.179478303928981,0.0,0.0,0.0,1.0,1.0,1.0,1.8536906876335464,4.888343448826474,8.776686897652947,-0.08717920625811676
0.7233668791579081,1.3824243669604122,0.8801739300537713,0.28288110958204,0.4542076899219832,-1.1546110140607917,0.0,0.14135916279452237,-2.8649271481278387,-0.16615794346525758,0.17922526001224393,29.32541128983651,4.021843206921959e-15,0.3437331176891296,-0.19729439195869677,-0.4365921219854271,0.3167854868023023,-0.9994245497932479,13.614534164356696,1.1747546077626592,-0.6335709736046046,-1.1001845322840236,-0.3243301080013813,0.0,0.14985308599950548,-0.1611195537730884,-0.0037694511256257945,0.3167854868023023,0.13612884803903133,-2.1015692085990594,0.09378134536674736,8.488955435333548,-0.04272771893227996,0.0,-1.2657410716249942,1.2108156695388868,0.0,-0.0,0.0,0.0,0.0,0.0,-0.0,1.3948926617984598,-0.17922526001224393,0.0,0.0,0.0,1.0,1.0,1.0,1.8541799683136893,4.88925726254293,8.77851452508586,-0.08546177022484114
0.7230772391795459,1.3829781188171129,0.8795336220224128,0.2830738828289976,0.4526220318342794,-1.1580013143262802,0.0,0.14084254617023598,-2.836062835268863,-0.16596794848617735,0.17897309574715387,29.19324213263404,-4.549194275301962e-16,0.3424631327610541,-0.19770700845234387,-0.43542081429716745,0.316124352339615,-0.9950938939521856,13.490856183377668,1.1726122299063324,-0.63224870467923,-1.0992548130274444,-0.3232047023188116,0.0,0.149644866661199,-0.16124426479191833,-0.0037073663230785397,0.316124352339615,0.1354651272035234,-2.0806586846759902,0.09357441755546828,8.450462033725913,-0.042387478253514785,0.0,-1.253810974850592,1.2092568771961036,0.0,-0.0,0.0,0.0,0.0,0.0,-0.0,1.3968579967638832,-0.1789730957471539,0.0,0.0,0.0,1.0,1.0,1.0,1.8546692483953044,4.889989113537871,8.779978227075741,-0.08375136417456142
0.7227878310551499,1.3835318706738138,0.8788914447219349,0.2832674168284193,0.4510436818090519,-1.1613622301092001,0.0,0.14033292841050335,-2.807306337939707,-0.16577867471400692,0.17872183597900793,29.125878636087727,-3.787926518856097e-15,0.3411365256495208,-0.19812031870415306,-0.43420093362712614,0.31546486705045795,-0.9908158868515808,13.367604800618986,1.170474716577956,-0.6309297341009159,-1.0983591244173994,-0.3220918287892177,0.0,0.14943819992851862,-0.16136830402166982,-0.0036447406673984495,0.31546486705045795,0.13480631179735247,-2.0598521238549514,0.09336826344777195,8.411936786859254,-0.04205558292915217,0.0,-1.2401884981779272,1.2077007356502762,0.0,-0.0,0.0,0.0,0.0,0.0,-0.0,1.3988217983020506,-0.17872183597900793,0.0,0.0,0.0,1.0,1.0,1.0,1.8551585910686228,4.890317964897411,8.780635929794823,-0.08204820406596786
0.7224986545064362,1.3840856225305147,0.878247414530981,0.2834617086392039,0.4494727479864267,-1.1646933978089307,0.0,0.13983027140865376,-2.778678978444049,-0.16559014786053058,0.17847150552048274,28.990677199354444,-6.05597565890819e-16,0.3397597952683208,-0.19853428969832923,-0.43293249315336485,0.31480707990024337,-0.9865901964672957,13.244895145184056,1.1683422685587297,-0.6296141598004867,-1.0974972352462724,-0.3209914159366183,0.0,0.14923302906541483,-0.16149167587375762,-0.003581569217086439,0.31480707990024337,0.1341523593287406,-2.039166529670812,0.093162894337806,8.373450277762394,-0.04173192329622281,0.0,-1.2276503273566135,1.206147445238904,0.0,-0.0,0.0,0.0,0.0,0.0,-0.0,1.4007838353294335,-0.17847150552048271,0.0,0.0,0.0,1.0,1.0,1.0,1.8556480193027363,4.8902801182583575,8.780560236516715,-0.08035247841089116
0.7222097092555663,1.3846393743872154,0.8776015480183107,0.2836567552527975,0.4479093374399143,-1.1679944468366306,0.0,0.1393345375305845,-2.7501969897277405,-0.16540239439379356,0.17822212917146152,28.820064222877896,-4.538603142636185e-16,0.338355567828367,-0.19894888794919294,-0.4316155295574172,0.3141510397181064,-0.9824164942337318,13.122922309427768,1.1662150915206333,-0.6283020794362127,-1.0966689150184552,-0.3199036392337898,0.0,0.14902987720830227,-0.16161408337801136,-0.003518126878379657,0.3141510397181064,0.13350374711824492,-2.018630720094384,0.092958321475433,8.335260975869817,-0.04141598666002704,0.0,-1.2155021483766806,1.2045972063896606,0.0,-0.0,0.0,0.0,0.0,0.0,-0.0,1.402743874524602,-0.1782221291714615,0.0,0.0,0.0,1.0,1.0,1.0,1.85613756454077,4.890015740406023,8.780031480812045,-0.0786643714866131
0.7219209950251455,1.3851931262439163,0.8769538619358304,0.2838525535951763,0.4463535561518031,-1.1712652009586708,0.0,0.13884569646890912,-2.7218492708726965,-0.16521542353293284,0.1779737317134029,28.752892138060055,-3.77947865556431e-15,0.3369207131991984,-0.19936407950659937,-0.4302499191785622,0.3134967951833626,-0.9782945033281435,13.001626912079095,1.1640932691312624,-0.6269935903667252,-1.0958739880582795,-0.3188280834534507,0.0,0.14882797373820247,-0.16173591821004674,-0.003454065084550803,0.3134967951833626,0.13285979066582768,-1.998235700556795,0.09275455606343641,8.297323433285223,-0.04110810936370916,0.0,-1.200504623975064,1.2030502195669353,0.0,-0.0,0.0,0.0,0.0,0.0,-0.0,1.4047016803726038,-0.1779737317134029,0.0,0.0,0.0,1.0,1.0,1.0,1.8566270644814575,4.889503295922733,8.779006591845466,-0.07698396228924159
0.7216325115382228,1.3857468781006173,0.8763043731333735,0.2840491005623234,0.4448055094128494,-1.1745052129559006,0.0,0.1383637106335415,-2.6935976812349938,-0.16502926832661446,0.17772633799882193,28.689847715031537,2.6438387020834237e-15,0.3354055519341861,-0.19977982987825804,-0.4288357847112808,0.3128443949426041,-0.9742238955140294,12.880576409313527,1.1619770525582445,-0.6256887898852082,-1.0951122174723296,-0.3177639083201423,0.0,0.14862537143127233,-0.16185816888139332,-0.003388458931172511,0.3128443949426041,0.13221876810232208,-1.9779174960317345,0.09255160930427056,8.259063371433864,-0.04080952560793438,0.0,-1.1846906026825588,1.201506685719848,0.0,-0.0,0.0,0.0,0.0,0.0,-0.0,1.4066570144581336,-0.1777263379988219,0.0,0.0,0.0,1.0,1.0,1.0,1.8571166230602059,4.888429417277717,8.776858834555433,-0.07531148637623947
0.7213442585182901,1.386300629957318,0.8756530988131126,0.2842463929129718,0.4432653006190123,-1.177714008585761,0.0,0.13788853653197647,-2.6654806707838694,-0.1648439673771374,0.17747997267610108,28.529915907213542,7.548940498986816e-16,0.33385423847054,-0.20019610426109755,-0.4273733113506365,0.31219388724211605,-0.9702043014082787,12.760172635026837,1.1598667317309315,-0.6243877744842321,-1.0943833185830305,-0.3167114716116314,0.0,0.14842293880637353,-0.16198034907540132,-0.003321749909935917,0.31219388724211605,0.13158147717752885,-1.9577355835595869,0.0923494922568348,8.22098677341485,-0.04051951852447718,0.0,-1.1707023859492898,1.1999668048694827,0.0,-0.0,0.0,0.0,0.0,0.0,-0.0,1.4086096376420294,-0.1774799726761011,0.0,0.0,0.0,1.0,1.0,1.0,1.8576064092366722,4.887068184923116,8.774136369846232,-0.0736471977756728
0.72105623568928,1.3868543818140189,0.8750000562864444,0.2844444273686976,0.441733032282824,-1.1808914314734937,0.0,0.1374201499115131,-2.6374848695475457,-0.16465952664238115,0.1772346604205328,28.395306222006006,1.8483538627280544e-15,0.33228528038145533,-0.2006128673518087,-0.4258624136042804,0.3115453202231323,-0.9662354870703003,12.640477609946116,1.157762366206943,-0.6230906404462646,-1.0936871554261063,-0.3156707614577737,0.0,0.14822085219829711,-0.16210235463622466,-0.00325405049462181,0.3115453202231323,0.13094809297819612,-1.93769891134908,0.09214821595713503,8.183295829732632,-0.04023774945090568,0.0,-1.1560094670287464,1.1984307772391025,0.0,-0.0,0.0,0.0,0.0,0.0,-0.0,1.4105593082459917,-0.17723466042053276,0.0,0.0,0.0,1.0,1.0,1.0,1.8580962239743168,4.885533339547206,8.771066679094412,-0.07199117231082819
0.7207684427755667,1.3874081336707198,0.8743452630219698,0.2846432005938162,0.4402088058326265,-1.1840371379609156,0.0,0.13695852104813294,-2.6096279327824394,-0.16447596881602444,0.17699042588638841,28.290578544599015,7.916901626256176e-16,0.3306692185058551,-0.2010300833846593,-0.4243031867017237,0.31089874185850036,-0.9623171799812058,12.52137779195649,1.1556641330121247,-0.6217974837170007,-1.0930235461340272,-0.3146413117246441,0.0,0.1480180912011149,-0.16222469537138165,-0.003184888027910837,0.31089874185850036,0.13031773433853516,-1.9177905995041291,0.09194779139343948,8.145649677220419,-0.03996476287282571,0.0,-1.1394951679626182,1.196898803009301,0.0,-0.0,0.0,0.0,0.0,0.0,-0.0,1.4125057824341132,-0.1769904258863884,0.0,0.0,0.0,1.0,1.0,1.0,1.8585860561926995,4.883639494947545,8.76727898989509,-0.07034358770544508
0.7204808795019637,1.3879618855274207,0.8736887366585978,0.2848427091884511,0.4386927214479109,-1.1871508847316212,0.0,0.13650360608583234,-2.5818874468092003,-0.16429331861695992,0.17674729366985897,28.21058100437584,-1.5071505778996408e-15,0.32900346729132346,-0.20144771616736915,-0.4226956556416201,0.3102541998940957,-0.9584490084000847,12.40277826995149,1.1535722229650887,-0.6205083997881914,-1.0923921933747973,-0.3136225609645443,0.0,0.1478134060958564,-0.16234800311439346,-0.003113684069247058,0.3102541998940957,0.12968933077335293,-1.897996461005989,0.09174822948719658,8.108011289205198,-0.039701238977002944,0.0,-1.1212823170793742,1.1953710820902823,0.0,-0.0,0.0,0.0,0.0,0.0,-0.0,1.4144488145146232,-0.17674729366985897,0.0,0.0,0.0,1.0,1.0,1.0,1.859075918003458,4.881367436314283,8.762734872628567,-0.0687045754264286
0.720193545593724,1.3885156373841214,0.8730304949890167,0.285042949695794,0.4371848781957552,-1.1902322329369495,0.0,0.13605537531010944,-2.554267939207926,-0.16411160635731561,0.17650528833671988,28.08054740036448,-2.259552118417617e-16,0.32728239779914214,-0.2018657290539763,-0.4210400459365933,0.30961174188853186,-0.9546307000773857,12.284663034411322,1.1514868656282164,-0.6192234837770637,-1.0917929092345429,-0.3126141694970222,0.0,0.14760599848250083,-0.16247266137339667,-0.003040073931450185,0.30961174188853186,0.12906222093506992,-1.8783141181759033,0.09154954110761572,8.070315928481772,-0.03944757829651885,0.0,-1.1033624553588037,1.193847814272078,0.0,-0.0,0.0,0.0,0.0,0.0,-0.0,1.4163881567280519,-0.17650528833671986,0.0,0.0,0.0,1.0,1.0,1.0,1.8595658850089434,4.878678854613038,8.757357709226076,-0.06707437619251377
0.7199064407765381,1.3890693892408223,0.8723705560633978,0.2852439185556283,0.4356853733764021,-1.1932809532358453,0.0,0.1356137861745204,-2.5267672278893376,-0.16393085604226834,0.17626443427366237,27.990323616216205,-3.764083356290914e-15,0.3255406486774608,-0.20228408508148615,-0.4193364072807993,0.30897141500194203,-0.9508618929456545,12.16722748902956,1.1494082459135655,-0.6179428300038841,-1.0912254014598,-0.3116161170355975,0.0,0.1473959093639922,-0.16259862870602024,-0.0029641054634382408,0.30897141500194203,0.12843648361081053,-1.8587722883614646,0.09135173699479081,8.032947859995774,-0.03920356901720838,0.0,-1.0833722285460539,1.192329198407159,0.0,-0.0,0.0,0.0,0.0,0.0,-0.0,1.4183235604515556,-0.17626443427366237,0.0,0.0,0.0,1.0,1.0,1.0,1.8600559632779314,4.8757916630331835,8.751583326066367,-0.06545311348923344
0.7196195647765341,1.3896231410975233,0.8717089379819852,0.2854456121933527,0.4341943035902863,-1.1962967356286782,0.0,0.1351788270439683,-2.499355998791925,-0.16375107948531847,0.1760247559288151,27.89032553363393,-3.0098921099160345e-15,0.3237410253767333,-0.20270274675795297,-0.4175848868068175,0.30833326632041724,-0.947142441638949,12.05014990191305,1.1473364626421245,-0.6166665326408345,-1.090689621912555,-0.3106274776294348,0.0,0.1471809770195481,-0.1627270019255097,-0.002884759904861034,0.30833326632041724,0.12781028363748126,-1.8393232976537135,0.09115482788473502,7.995481671800471,-0.03897046292256189,0.0,-1.0627287399500034,1.190815433657896,0.0,-0.0,0.0,0.0,0.0,0.0,-0.0,1.4202547742835712,-0.17602475592881509,0.0,0.0,0.0,1.0,1.0,1.0,1.8605460194648968,4.872466740513914,8.744933481027829,-0.06384096264925576
0.7193329173202767,1.390176892954224,0.8710456591362303,0.2856480269144573,0.4327117634231975,-1.1992792005445014,0.0,0.13475044356089522,-2.4721226180211953,-0.16357231898068397,0.17578627751086814,27.707497979798603,2.6701431468424638e-15,0.321901663722521,-0.20312167633278203,-0.4157857278198246,0.30769734244219143,-0.9434719015318022,11.933846369621804,1.1452718280436,-0.6153946848843829,-1.090185177851376,-0.3096486878033139,0.0,0.14696224473934716,-0.16285720672725434,-0.002802567558801053,0.30769734244219143,0.1271845841555889,-1.8200285868312722,0.09095882435367761,7.958118341053212,-0.038747427040449006,0.0,-1.042929567343811,1.189306717896531,0.0,-0.0,0.0,0.0,0.0,0.0,-0.0,1.4221815464779015,-0.17578627751086817,0.0,0.0,0.0,1.0,1.0,1.0,1.8610362685514057,4.868819370793529,8.737638741587059,-0.0622381368239624
0.7190464981347655,1.390730644810925,0.8703807379667637,0.285851159008552,0.4312378466544286,-1.2022283321894656,0.0,0.13432860762063806,-2.444999139313623,-0.16339457736607954,0.17554902326310493,27.683339460781145,1.5037125047587802e-15,0.3200350334827144,-0.20354083555632432,-0.4139388004178562,0.3070636898447085,-0.9398500120590328,11.818150375397385,1.143214377250023,-0.614127379689417,-1.0897118833034376,-0.3086787974802847,0.0,0.1467375616546892,-0.16299035052380062,-0.002716524774885612,0.3070636898447085,0.12655758022257926,-1.800863200248532,0.0907637369603481,7.920987797031364,-0.038535630162844774,0.0,-1.0162450576190647,1.187803249118156,0.0,-0.0,0.0,0.0,0.0,0.0,-0.0,1.42410362275449,-0.17554902326310493,0.0,0.0,0.0,1.0,1.0,1.0,1.8615264765237816,4.864924638627773,8.729849277255546,-0.06064463880393556
0.7187603069474352,1.3912843966676258,0.8697141930424842,0.2860550047152573,0.4297726458767171,-1.2051436119716779,0.0,0.13391329161305432,-2.417925573297425,-0.1632178916320302,0.17531301737374846,27.58444560304517,-1.1273741589947678e-15,0.318098674205119,-0.20396018575835334,-0.41204453625497356,0.3064323547638281,-0.9362765160941915,11.702604728915297,1.1411643840631234,-0.6128647095276561,-1.0892695534219368,-0.3077162350251649,0.0,0.14650297836148196,-0.16312843315575826,-0.0026247520575744393,0.3064323547638281,0.12592594527846707,-1.7817596067194534,0.09056957619969593,7.883611263479604,-0.038337534304772755,0.0,-0.9899650925193235,1.1863052249717825,0.0,-0.0,0.0,0.0,0.0,0.0,-0.0,1.4260207470334443,-0.17531301737374844,0.0,0.0,0.0,1.0,1.0,1.0,1.862016798034652,4.860511842979636,8.721023685959272,-0.05906077394573028
0.7184743434861542,1.3918381485243263,0.8690460432459407,0.2862595601403592,0.4283162513572743,-1.2080247359252474,0.0,0.13350446924978832,-2.3910168308905115,-0.16304228364768425,0.17507828371510048,27.391547528411223,-3.9444951775489715e-15,0.3161540388029608,-0.20437968809297088,-0.4101031733223087,0.3058033828272073,-0.932751166000033,11.587967698302043,1.1391220161712057,-0.6116067656544146,-1.0888580144277449,-0.30676215267829854,0.0,0.14626134611731592,-0.16326994160514036,-0.0025286574897768754,0.3058033828272073,0.12529222297487516,-1.762829739584585,0.09037635236845283,7.846672495299465,-0.03815105209624824,0.0,-0.9651672168844652,1.1848128413367573,0.0,-0.0,0.0,0.0,0.0,0.0,-0.0,1.4279326635781815,-0.17507828371510045,0.0,0.0,0.0,1.0,1.0,1.0,1.8625072189192573,4.85597044697619,8.71194089395238,-0.05748672188035542
0.7181886074792236,1.3923919003810274,0.8683763074615943,0.2864648213927973,0.426868752738821,-1.2108717289141333,0.0,0.1331021007448531,-2.364260836169812,-0.16286776228723543,0.17484484622908714,27.367127909404367,4.2812975461461644e-15,0.31414165599863814,-0.20479930319011388,-0.408114576738964,0.30517681958117626,-0.9292736196906008,11.47385123775271,1.1370873498209613,-0.6103536391623525,-1.0884769776755894,-0.3058149797495761,0.0,0.14600889529768632,-0.16341681413193943,-0.002426465548451745,0.30517681958117626,0.12465327004899293,-1.7440158771100984,0.09018407576475018,7.8094955067101655,-0.037978373792183086,0.0,-0.9310849836965547,1.1833262943569167,0.0,-0.0,0.0,0.0,0.0,0.0,-0.0,1.4298391138875335,-0.17484484622908714,0.0,0.0,0.0,1.0,1.0,1.0,1.8629975752770092,4.85091776455172,8.70183552910344,-0.055922463566955405
0.7179030986553767,1.3929456522377284,0.8677050047088428,0.2866707845258483,0.4254302383118761,-1.2136840540580767,0.0,0.13270613931858022,-2.3375471271447354,-0.1626943787661595,0.17461272875844713,27.25074164904969,-2.628150117599326e-16,0.3120845484458166,-0.20521899131020552,-0.40607927861556997,0.3045527102583116,-0.9258434865490416,11.36000293181052,1.1350607564370745,-0.6091054205166232,-1.0881260935080976,-0.304872983683669,0.0,0.14574113532854457,-0.16357131282620058,-0.0023160469065219014,0.3045527102583116,0.1240053718693322,-1.7252807613731447,0.08999275660107821,7.772336494593941,-0.037822268530917434,0.0,-0.8972943066446071,1.1818457795379362,0.0,-0.0,0.0,0.0,0.0,0.0,-0.0,1.4317398380838597,-0.17461272875844716,0.0,0.0,0.0,1.0,1.0,1.0,1.8634881880945227,4.84550116869464,8.69100233738928,-0.054368323337407376
0.7176178167437781,1.393499404094429,0.8670321542946386,0.2868774454665054,0.4240007940163902,-1.2164615451338645,0.0,0.13231658989908282,-2.3109648847073965,-0.1625221284245691,0.1743819548169993,27.117562134277037,4.244558435774838e-13,0.31002345505297746,-0.2056387125660175,-0.40399742150771967,0.3039310994515939,-0.9224607370852481,11.246966998654884,1.1330422171062207,-0.6078621989031878,-1.0878054358662232,-0.3039368800286041,0.0,0.145459901860083,-0.16373245141484968,-0.0021983291002034,0.3039310994515939,0.12335022777244277,-1.7067045676616321,0.08980240488628673,7.735641608608763,-0.03768123069367384,0.0,-0.8607003060451515,1.1803714904775817,0.0,-0.0,0.0,0.0,0.0,0.0,-0.0,1.4336345768250855,-0.17438195481699933,0.0,0.0,0.0,1.0,1.0,1.0,1.8639787424693546,4.839977346849317,8.679954693698633,-0.05282440643161712
0.7173327614740224,1.39405315595113,0.8663577754876703,0.2870848001614882,0.4225805053284304,-1.2192040533550685,0.0,0.13193339643875202,-2.2845368827308485,-0.1623510433256156,0.17415254801778896,27.04380156244225,4.240652154625064e-15,0.3078706828295148,-0.2060584265268428,-0.4018691355261897,0.3033120317060087,-0.9191249161539594,11.134318466527683,1.1310319684935701,-0.6066240634120174,-1.0875145736309035,-0.3030041548098738,0.0,0.14515882970988087,-0.16390347416022594,-0.002070299580308105,0.3033120317060087,0.12268258322337006,-1.6882242591506578,0.08961303064667157,7.698427664287892,-0.03755910095087949,0.0,-0.8166701948481299,1.178903621155809,0.0,-0.0,0.0,0.0,0.0,0.0,-0.0,1.4355230678247874,-0.17415254801778893,0.0,0.0,0.0,1.0,1.0,1.0,1.8644693422347414,4.833783419515454,8.667566839030908,-0.05129080606877279
0.7170479325761338,1.394606907807831,0.8656818878084132,0.2872928444454222,0.4211694555145353,-1.2219111833120726,0.0,0.131556518925929,-2.2581836960934036,-0.16218116244941366,0.17392453167128302,26.926697855791733,-1.0055631725906857e-14,0.30570844192009244,-0.20647809259909708,-0.39969485439574926,0.30269555095780315,-0.9158356810444067,11.0222511475784,1.1290302949416038,-0.6053911019156063,-1.0872532053939505,-0.3020740858794905,0.0,0.14483590969416707,-0.1640853507311337,-0.001931040825900121,0.30269555095780315,0.12200092244968949,-1.669868385733594,0.08942464371928269,7.661604903100321,-0.037456917095867084,0.0,-0.7697819593323354,1.1774423637533549,0.0,-0.0,0.0,0.0,0.0,0.0,-0.0,1.4374050491767283,-0.17392453167128305,0.0,0.0,0.0,1.0,1.0,1.0,1.864960174289107,4.827446090183812,8.654892180367623,-0.04976776610371891
0.7167633297805655,1.3951606596645318,0.8650045108544737,0.2875015741190183,0.4197677266370439,-1.2245828834895105,0.0,0.13118595935653937,-2.2319303321828023,-0.16201247703194244,0.17369792901220202,26.843046093942156,4.089160321588861e-15,0.3035081432950923,-0.20689766981823207,-0.3974746411537035,0.30208170084713265,-0.9125929815064717,10.910686776889765,1.1270371477331351,-0.6041634016942653,-1.0870213734839527,-0.301144828940966,0.0,0.14448647782904434,-0.16428043231069936,-0.0017783759626747025,0.30208170084713265,0.12130152065618319,-1.6516250713937715,0.08923725386917837,7.624846211772304,-0.03737725473043071,0.0,-0.7132567641597722,1.1759879098599968,0.0,-0.0,0.0,0.0,0.0,0.0,-0.0,1.4392802575236108,-0.17369792901220202,0.0,0.0,0.0,1.0,1.0,1.0,1.8654508773165777,4.8207772040456645,8.641554408091329,-0.04825533103868229
0.7164789528181978,1.3957144115212323,0.8643256643330667,0.2877109849333986,0.4183753993055642,-1.2272187436811415,0.0,0.13082166172550225,-2.2058223413124254,-0.1618450378467861,0.17347276314028942,26.712062704518274,2.025569579994083e-15,0.30124340626980073,-0.20731711691010785,-0.395209011636531,0.3014705246315954,-0.9093963635471602,10.799633571094677,1.125052892118465,-0.6029410492631908,-1.086818638304991,-0.3002141100152064,0.0,0.1441044646952991,-0.16449175524619958,-0.0016094544356433094,0.3014705246315954,0.1205795259172207,-1.6334954505169916,0.08905087075927431,7.587857293747068,-0.03732368001678216,0.0,-0.6535037563629658,1.1745404501336447,0.0,-0.0,0.0,0.0,0.0,0.0,-0.0,1.4411484285738974,-0.1734727631402894,0.0,0.0,0.0,1.0,1.0,1.0,1.8659417757230299,4.813608529523618,8.627217059047236,-0.04675375857740449
0.7161948014203386,1.3962681633779337,0.8636453681566695,0.2879210725445064,0.4169925520203159,-1.2298187503837594,0.0,0.13046360100604068,-2.179813794024948,-0.1616788510582749,0.17324905686666825,26.625278874051734,-2.3254306383215145e-15,0.29896787629972726,-0.20773639244547892,-0.3928979991621565,0.3008620649672797,-0.906245589133625,10.689234536157539,1.1230775825432704,-0.6017241299345594,-1.0866448150487262,-0.29928084597698057,0.0,0.14368697012978582,-0.16472074190127722,-0.0014229648416994312,0.3008620649672797,0.11983279273297258,-1.6155002942671923,0.08886550387190854,7.551220721275246,-0.03729757750370405,0.0,-0.5781677998512365,1.1731001734412383,0.0,-0.0,0.0,0.0,0.0,0.0,-0.0,1.4430092984136644,-0.17324905686666828,0.0,0.0,0.0,1.0,1.0,1.0,1.8664326834714289,4.806281641602715,8.61256328320543,-0.04526306911445899
0.7159108753187214,1.3968219152346344,0.862963642177557,0.2881318326363291,0.4156192628774061,-1.232382581939358,0.0,0.1301117549278133,-2.153900915517033,-0.1615139421598043,0.173026833100987,26.558652383468612,2.7378227605165405e-15,0.29662426764831024,-0.20815545446942407,-0.390542064261417,0.30025636445275383,-0.9031404391338895,10.579151828415895,1.1211114071083017,-0.6005127289055077,-1.0864997364189615,-0.298339095615651,0.0,0.14321850155407695,-0.1649752333005311,-0.0012115739359669364,0.30025636445275383,0.1190487360926242,-1.5975895657954502,0.08868116270795069,7.514301137306437,-0.0373082526635206,0.0,-0.4903486971927995,1.171667268972737,0.0,-0.0,0.0,0.0,0.0,0.0,-0.0,1.4448626003233134,-0.17302683310098702,0.0,0.0,0.0,1.0,1.0,1.0,1.8669236356598726,4.798425774427348,8.596851548854696,-0.04378347435783103
0.7156271742455053,1.397375667091335,0.8622805065934247,0.2883432607293311,0.414255606825823,-1.2349099932944974,0.0,0.1297660821306051,-2.128085270454684,-0.16135034332906067,0.17280611422021905,26.438629195381314,-2.100166182939764e-15,0.29425598343196463,-0.20857426112385333,-0.3881415890935818,0.2996534647335365,-0.9000805623296118,10.469634156610345,1.1191546001175374,-0.599306929467073,-1.0863830778614634,-0.2973878816145257,0.0,0.142696099684473,-0.16525662192090565,-0.0009739683996444343,0.2996534647335365,0.11822531873293898,-1.5797998007700818,0.08849785646344621,7.477569299742107,-0.037357049341192605,0.0,-0.38898103929963224,1.1702419227434342,0.0,-0.0,0.0,0.0,0.0,0.0,-0.0,1.4467080700709891,-0.17280611422021902,0.0,0.0,0.0,1.0,1.0,1.0,1.8674147504230147,4.790320515115132,8.580641030230264,-0.042315145758168526
0.7153436979332732,1.397929418948036,0.861595981520715,0.2885553523805128,0.412901658495893,-1.2374008551645244,0.0,0.12942657386342585,-2.1023957860039983,-0.1611880599960084,0.1725869227127164,26.309899194496374,-1.5376055311368087e-15,0.29184647846552664,-0.2089927700235104,-0.38569683621817913,0.29905340741198433,-0.8970658336134645,10.360687806241822,1.1172072094053733,-0.5981068148239687,-1.0862947812819057,-0.2964206638334121,0.0,0.14210254040766904,-0.1655735874917808,-0.0007020381857972963,0.29905340741198433,0.1173487492216124,-1.5621316503229714,0.08831559436036719,7.440837183782535,-0.037454064164072404,0.0,-0.2696453845722284,1.1688243211359401,0.0,-0.0,0.0,0.0,0.0,0.0,-0.0,1.4485454405844143,-0.1725869227127164,0.0,0.0,0.0,1.0,1.0,1.0,1.86790583507092,4.781855042794079,8.563710085588157,-0.04085818188061019
0.7150604461150322,1.398483170804737,0.8609100873277621,0.2887681030241996,0.4115574898671103,-1.2398550052910042,0.0,0.12909317490325356,-2.0768289299876863,-0.1610271286133412,0.1723692806406689,26.241801168420828,3.9753425288599484e-15,0.28940306245727,-0.20941093879293265,-0.3832080915579419,0.29845623328111115,-0.8940958059514986,10.252339757348693,1.1152694977522963,-0.5969124665622223,-1.0862343997678154,-0.2954334666674135,0.0,0.14142690795146035,-0.16593154222778897,-0.00039071448402901165,0.29845623328111115,0.11641060647233978,-1.5445888304199031,0.0881343853716301,7.404177203732401,-0.037605384371031836,0.0,-0.11627582575397444,1.167414647903099,0.0,-0.0,0.0,0.0,0.0,0.0,-0.0,1.4503744464836785,-0.1723692806406689,0.0,0.0,0.0,1.0,1.0,1.0,1.868397060251447,4.77307873351017,8.54615746702034,-0.039412695024087174
0.714777418524212,1.3990369226614376,0.8602228443018907,0.2889815081309181,0.4102231725906365,-1.2422722962272648,0.0,0.1287658802334324,-2.0513215550440917,-0.16086755452398693,0.17215321016865476,26.171718587261438,-4.500591670808105e-16,0.28690850680567015,-0.20982872454702503,-0.3806756965219389,0.2978619830765498,-0.8911703801829233,10.14427379428977,1.1133415114652156,-0.5957239661530996,-1.0862019014613615,-0.2944133193660947,0.0,0.14063489577574834,-0.1663477834092206,-2.3817597223141362e-05,0.2978619830765498,0.11538338624416197,-1.5271243937369627,0.08795423849209244,7.367394260350996,-0.03783129836870522,0.0,0.07730743770398485,1.1660130870995997,0.0,-0.0,0.0,0.0,0.0,0.0,-0.0,1.45219481969044,-0.17215321016865473,0.0,0.0,0.0,1.0,1.0,1.0,1.8688882346880258,4.763873960550012,8.527747921100024,-0.03797880781700258
0.7144946148946637,1.3995906745181386,0.8595342730203258,0.2891955630269687,0.408898775263338,-1.2446523483282808,0.0,0.1284446433938897,-2.025957057187341,-0.16070938368924256,0.17193873293510611,26.01712177651894,-3.750766938160178e-15,0.2843737116318343,-0.21024608452834634,-0.3781003231216904,0.2972706965754383,-0.8882891704801964,10.036838259066634,1.1114235779216,-0.5945413931508766,-1.0861969076675793,-0.2933531572459049,0.0,0.13970696534525448,-0.1668319796999505,0.00040774193503666234,0.2972706965754383,0.11425201405086433,-1.5097896474993582,0.08777516241756937,7.330604098486589,-0.03814281380643467,0.0,0.3039019759756769,1.1646198195512865,0.0,-0.0,0.0,0.0,0.0,0.0,-0.0,1.4540062947559125,-0.17193873293510614,0.0,0.0,0.0,1.0,1.0,1.0,1.8693796440840147,4.7543134966261045,8.508626993252209,-0.036556783266251
0.7142120349606599,1.4001444263748395,0.8588443940518831,0.2894102630378013,0.4075843655537854,-1.2469953026197838,0.0,0.1281294456447013,-2.0006858050146348,-0.16055261207185906,0.1717258705357294,25.950390014456715,2.625800110753491e-15,0.2818260216202778,-0.2106629756300947,-0.3754819006335905,0.2966824132862549,-0.8854519829379076,9.930011408272447,1.1095156777552735,-0.5933648265725098,-1.0862192686596834,-0.2922371882858847,0.0,0.13860077759255537,-0.16740537051625182,0.0009238295180193784,0.2966824132862549,0.112983020000646,-1.4925809188560457,0.08759716579258035,7.294093754177057,-0.03856447918255536,0.0,0.622903076727253,1.1632350255455084,0.0,-0.0,0.0,0.0,0.0,0.0,-0.0,1.4558086048425931,-0.1717258705357294,0.0,0.0,0.0,1.0,1.0,1.0,1.8698709934733377,4.744571639548208,8.489143279096416,-0.03514655205109951
0.7139296784568935,1.4006981782315402,0.8581532280083659,0.2896256034631396,0.4062800098304833,-1.2493007873165194,0.0,0.12782026229701435,-1.9755044935969803,-0.16039727283829863,0.17151464443464004,25.881482460541854,7.503242189784775e-16,0.27920977338307873,-0.2110793544902726,-0.3728211521626624,0.29609717232141836,-0.882658582450097,9.823471937722474,1.1076180484071896,-0.5921943446428367,-1.0862687814967544,-0.2910375677525836,0.0,0.13724166309510444,-0.1681054403660608,0.001559575207555855,0.29609717232141836,0.11151708846286182,-1.4754506411255228,0.0874202571652304,7.257253309042164,-0.03914012873776226,0.0,1.0372240782342534,1.1618588843275353,0.0,-0.0,0.0,0.0,0.0,0.0,-0.0,1.457601482509377,-0.17151464443464004,0.0,0.0,0.0,1.0,1.0,1.0,1.870362421436521,4.734285368522643,8.468570737045287,-0.03374837961446886
0.7136475451184763,1.4012519300882411,0.8574607957270133,0.2898415794844415,0.404985771666163,-1.2515686943216306,0.0,0.12751705501700494,-1.9504274310202008,-0.1602433908164057,0.1713050756168991,25.759285059228436,1.8385781042457598e-15,0.27656973972396387,-0.21149517785788893,-0.37011844151742795,0.2955150118930652,-0.8799086400496928,9.717515085239254,1.1057308692661707,-0.5910300237861305,-1.0863451281629435,-0.2897275589583204,0.0,0.13555696566554112,-0.16896845545722744,0.0023489807341672136,0.2955150118930652,0.10979728468956547,-1.4584421019169984,0.08724444481060335,7.220562162417887,-0.03991160311701418,0.0,1.610056991944084,1.1604915721148086,0.0,-0.0,0.0,0.0,0.0,0.0,-0.0,1.459384662711872,-0.17130507561689912,0.0,0.0,0.0,1.0,1.0,1.0,1.8708539748672555,4.723744968155476,8.447489936310951,-0.032362371301823956
0.7133656346809389,1.401805681944942,0.8567671179927419,0.2900581863025951,0.4037017139925071,-1.2537988899516768,0.0,0.12721980983460732,-1.9254699062554679,-0.16009097803336786,0.1710971850790623,25.64568211516294,7.881046950164282e-16,0.2738894019034645,-0.2119104020973242,-0.36737417986588233,0.29493597002045985,-0.8772019949258649,9.612101218586776,1.1038542305877719,-0.5898719400409197,-1.0864481924668596,-0.2882500668898144,0.0,0.13339306411396187,-0.17007144648998024,0.0033642283327162403,0.29493597002045985,0.1077020172350376,-1.4415491566904157,0.08706973698144936,7.183835109908054,-0.040968639164757605,0.0,2.4143635505755,1.1591332648636512,0.0,-0.0,0.0,0.0,0.0,0.0,-0.0,1.4611578786902748,-0.1710971850790623,0.0,0.0,0.0,1.0,1.0,1.0,1.8713455508854973,4.712840261442918,8.425680522885836,-0.030988640465583472
0.7130839468802299,1.402359433801643,0.8560722157736753,0.2902754190182555,0.4024278971616946,-1.2559913079605005,0.0,0.1269284814679682,-1.9006065147587428,-0.15994006198960442,0.17089099337973193,25.58621275678345,-1.5014631650414846e-15,0.27118442667236836,-0.21232498366169222,-0.3645886693562415,0.2943600838777612,-0.874538270565622,9.507226622219013,1.1019883290878705,-0.5887201677555224,-1.0865775915806286,-0.2865285852623213,0.0,0.1305429572976633,-0.17151797676516523,0.00470240197773425,0.2943600838777612,0.10506825558913506,-1.4247709182456996,0.08689614167970787,7.14723341522741,-0.04243142013762848,0.0,3.6746865885508084,1.1577841357013616,0.0,-0.0,0.0,0.0,0.0,0.0,-0.0,1.4629208658438906,-0.1708909933797319,0.0,0.0,0.0,1.0,1.0,1.0,1.871837231751661,4.701675152783553,8.403350305567105,-0.02962725687579304
0.7128024814527144,1.4029131856583437,0.8553761099609316,0.2904932727635724,0.4011643810720255,-1.2581457716613502,0.0,0.12664306784687554,-1.8758212799630436,-0.15979065093826145,0.1706865211240958,25.495870906241862,-2.2527208522620027e-16,0.26842124655632454,-0.21273887859631604,-0.36176246865963957,0.293787390496672,-0.8719173882553088,9.402650634902432,1.1001332279960396,-0.587574780993344,-1.086733306089261,-0.2843950537616379,0.0,0.1265539325854691,-0.1735349940350063,0.006576206906666618,0.293787390496672,0.1015378600757611,-1.408071606986538,0.08672366690365996,7.110387617458185,-0.044564427322456884,0.0,5.672404831763545,1.1564443576794128,0.0,-0.0,0.0,0.0,0.0,0.0,-0.0,1.4646733576474982,-0.17068652112409582,0.0,0.0,0.0,1.0,1.0,1.0,1.8723288738433819,4.690024321106367,8.380048642212733,-0.028278380171853135
0.7125212381351737,1.4034669375150446,0.8546788217060144,0.2907117425273232,0.3999112222557179,-1.260262060566996,0.0,0.12636351437780716,-1.8511652298022854,-0.1596427887415327,0.17048378828952576,25.371130595317332,-3.7555094860525766e-15,0.26563510922949113,-0.21315204325588064,-0.35889619866213673,0.29321792578348027,-0.869338907876627,9.298739952363244,1.098289235609589,-0.5864358515669605,-1.0869148694716297,-0.2815824592852299,0.0,0.12070380091042963,-0.17648390596091035,0.009324489114901774,0.29321792578348027,0.0965416091060015,-1.3915050987659445,0.08655232030553307,7.073673766765393,-0.04778765173630935,0.0,7.905904420313396,1.1551140998993892,0.0,-0.0,0.0,0.0,0.0,0.0,-0.0,1.4664150914774081,-0.1704837882895258,0.0,0.0,0.0,1.0,1.0,1.0,1.8728207572489857,4.678122205657279,8.356244411314558,-0.02694219079097604
0.7122402166648043,1.4040206893717455,0.8539803720748533,0.290930823332511,0.3986684768034891,-1.2623402862550517,0.0,0.1260898209001664,-1.8265827502842,-0.15949646485142116,0.17028281489419092,25.319029540110186,-6.010528958447308e-16,0.2628178287016119,-0.21356443361099553,-0.3559899476864997,0.2926517254920959,-0.866802764010025,9.195256705502528,1.0964562848614308,-0.5853034509841918,-1.0871222763334856,-0.2774282722850164,0.0,0.11120432363858443,-0.18126046647373717,0.013786909432362035,0.2926517254920959,0.08866731663791338,-1.375035839983631,0.08638210953201926,7.0369937855546425,-0.053143627388593774,0.0,35.96794866288523,1.153793531332187,0.0,-0.0,0.0,0.0,0.0,0.0,-0.0,1.4681458029416719,-0.17028281489419092,0.0,0.0,0.0,1.0,1.0,1.0,1.8733125236451829,4.6659095773466985,8.331819154693397,-0.02561864981336115
0.7119594167792176,1.4045744412284462,0.8532807822437061,0.2911505101337634,0.3974361986268221,-1.2643800887999586,0.0,0.1258219427666513,-1.8021101714332781,-0.15935172677210302,0.1700836205928006,25.188972710041014,-4.5092976138814025e-16,0.25994684747597935,-0.21397600568400016,-0.3530446634029279,0.29208882463344993,-0.8643085853350891,9.092200742589062,1.0946347076561327,-0.5841776492668999,-1.0873551381597262,-0.2701174892405547,0.0,0.09315433663088804,-0.1903192570132216,0.022264537017132893,0.29208882463344993,0.07404581087236695,-1.358663646143822,0.08621304201936066,7.000099874613826,-0.06348883897833561,0.0,-78.85686627372934,1.1524828184857776,0.0,-0.0,0.0,0.0,0.0,0.0,-0.0,1.4698652294010617,-0.1700836205928006,0.0,0.0,0.0,1.0,1.0,1.0,1.87380449941866,4.653240370572554,8.306480741145108,-0.024308045991335958
0.7116788382164378,1.4051281930851471,0.8525800735004536,0.2913707978143926,0.3962144393736136,-1.2663815938805996,0.0,0.1255598630222109,-1.777744282682363,-0.1592085741444007,0.169886224651877,25.11288530859901,-3.759010222036639e-15,0.2570695818797793,-0.21438671558822395,-0.3500604134268147,0.29152925743796904,-0.8618561912453171,8.989817110206898,1.092824506358519,-0.5830585148759381,-1.0876133043104756,-0.2522737412692605,0.0,0.04663173019250947,-0.21363691428209403,0.04411007763503256,0.29152925743796904,0.0369523296704935,-1.3424242200280982,0.08604512498163082,6.963495133900933,-0.09043175899706964,0.0,587.0752186331672,1.1511821252459062,0.0,-0.0,0.0,0.0,0.0,0.0,-0.0,1.4715731102523966,-0.16988622465187703,0.0,0.0,0.0,1.0,1.0,1.0,1.8742964530602002,4.640423886253895,8.28084777250779,-0.023010328699292426
0.7113984807149025,1.405681944941848,0.8518782670287885,0.2915916813016545,0.3950032504274047,-1.2683446184275498,0.0,0.12530355480086666,-1.7534505921865702,-0.15906703317870152,0.1696906464067373,25.053057751053988,2.632256664506863e-15,0.2541264835554991,-0.2147965190452575,-0.347037888630759,0.29097305802628615,-0.8594453328813512,8.887662112137594,1.0910258651319005,-0.5819461160525723,-1.0878965324353749,-0.0964316814676809,0.0,-0.37258092336490856,-0.4236013047019647,0.24092944323664292,0.29097305802628615,-0.2943413515527653,-1.3262518107730557,0.08587836564286003,6.926530350756863,-0.33457946145603135,0.0,-291.1888439733486,1.1498916155149415,0.0,-0.0,0.0,0.0,0.0,0.0,-0.0,1.4732691830330262,-0.16969064640673734,0.0,0.0,0.0,1.0,1.0,1.0,1.8747884641493828,4.627066377276292,8.254132754552584,-0.0217256714156836
0.7111183440134614,1.4062356967985488,0.8511753842612416,0.2918131553743547,0.393802679484104,-1.2702689853913574,0.0,0.1250529887407537,-1.7292611446470114,-0.1589271309939459,0.1694969044666687,24.89776598823184,7.523633562595488e-16,0.2511720202568897,-0.21520537225485092,-0.34397779899055025,0.2904202592395609,-0.8570757447883289,8.786138320711366,1.08923897409673,-0.5808405184791218,-1.0882045621313823,-0.356089938727282,0.0,0.33024608459905774,-0.07163968053345142,-0.08903155589237141,0.2904202592395609,0.2601035860084861,-1.3102055478001031,0.08571277083503895,6.889787755370314,0.07517136810716527,0.0,-645.0281430278803,1.1486114485845074,0.0,-0.0,0.0,0.0,0.0,0.0,-0.0,1.4749531903643827,-0.16949690446666868,0.0,0.0,0.0,1.0,1.0,1.0,1.8752806311598293,4.613528207361743,8.227056414723487,-0.020454248693307142
0.7108384278513747,1.4067894486552497,0.8504714465229845,0.2920352148549789,0.3926127739286333,-1.2721548195593215,0.0,0.12480814664657162,-1.7051959849729106,-0.15878886957087024,0.16930501748992682,24.866464643316526,1.1402978201836963e-14,0.24817465203336872,-0.21561323106708447,-0.3408802620862702,0.2898708937790287,-0.8547472379901158,8.685142525819268,1.0874638502053449,-0.5797417875580574,-1.0885372238875324,-0.3177827273599471,0.0,0.22838425980994614,-0.12267189188125234,-0.04120260176708243,0.2898708937790287,0.17933315553124127,-1.2942697343871923,0.08554834739123915,6.852918490092132,0.015960225749601504,0.0,585.6304275170372,1.1473417836264364,0.0,-0.0,0.0,0.0,0.0,0.0,-0.0,1.4766248732993061,-0.1693050174899268,0.0,0.0,0.0,1.0,1.0,1.0,1.8757727552914105,4.599595655274072,8.199191310548144,-0.019196009095490907
0.7105587319683138,1.4073432005119506,0.8497664752323508,0.2922578544994859,0.3914335788634792,-1.2740018757450913,0.0,0.1245689961837305,-1.6811360479795507,-0.15865228319604507,0.1691150037235725,24.79646891691475,9.111284113810519e-14,0.24514877259512619,-0.21602005149199907,-0.3377462247188623,0.28932499352873675,-0.8524595268590096,8.584341174052744,1.0857007314157516,-0.5786499870574735,-1.0888942248313385,-0.3069837783130138,0.0,0.20078340572568304,-0.13651373704273026,-0.028237273846656766,0.28932499352873675,0.15718673415920417,-1.2783949211598125,0.08538510191325427,6.816071379550327,2.129452467128314e-05,0.0,-642.448079978239,1.1460827770081905,0.0,-0.0,0.0,0.0,0.0,0.0,-0.0,1.4782839753747594,-0.16911500372357247,0.0,0.0,0.0,1.0,1.0,1.0,1.8762650232426534,4.585371197419497,8.170742394838994,-0.017951201428348273
0.710279256104359,1.4078969523686515,0.8490604918710402,0.2924810690117316,0.3902651373439672,-1.2758101619065718,0.0,0.12433554458293473,-1.6573675038837665,-0.15851736537427508,0.16892688105240516,24.458082298675173,-2.4860342910686868e-14,0.2420639283638579,-0.21642578965940074,-0.3345759829782324,0.28878258962741515,-0.8502125966856854,8.484549450898585,1.0839495760179736,-0.5775651792548303,-1.0892756171765545,-0.3016897041160859,0.0,0.18802344039338076,-0.14292334386725025,-0.02223867222269027,0.28878258962741515,0.14675798757801595,-1.2627009690863447,0.08522304079717496,6.7789134111292375,-0.007274475686954956,0.0,1719.5430462781242,1.1448345825654462,0.0,-0.0,0.0,0.0,0.0,0.0,-0.0,1.479930242259336,-0.16892688105240516,0.0,0.0,0.0,1.0,1.0,1.0,1.8767571435253008,4.570632835287375,8.14126567057475,-0.016719828172688134
0.71,1.4084507042253522,0.8483535178855105,0.2927048530980031,0.3891074913559688,-1.277579739032714,0.0,0.12410701569933572,-1.637090124072657,-0.15838460721415532,0.16874066722094688,26.373389466565065,-9.572075169730565e-15,0.23648703025657716,-0.21683040158506892,-0.33137037477425824,0.2882437127963323,-0.8480010794886434,8.383682659757932,1.0822137421898173,-0.5764874255926646,-1.0896745736422524,-0.2990297943190856,0.0,0.18237502838650593,-0.145777679073724,-0.019573276548938173,0.2882437127963323,0.14192697956289382,-1.2468799935329375,0.08506217034607931,6.715254541607269,-0.010449475176546793,0.0,-10766.87956951104,1.1435973528916183,0.0,-0.0,0.0,0.0,0.0,0.0,-0.0,1.4815634198758572,-0.1687406672209469,0.0,0.0,0.0,1.0,1.0,1.0,1.8772547225591862,4.539224046369097,8.078448092738194,-0.015502098990923918
