point,u,slot,MH,SVT_delta,total
outer_S0,0.5515230871346237,a1,2.3146021209486587e-16,0.0,2.3146021209486587e-16
outer_S0,0.5515230871346237,a2,-0.19670970777454524,0.0,-0.19670970777454524
outer_S0,0.5515230871346237,a3,-0.422355081794884,0.0,-0.422355081794884
outer_S0,0.5515230871346237,a4,0.23293857857851097,0.0,0.23293857857851097
outer_S0,0.5515230871346237,a5,-2.9659164652773904,0.0,-2.9659164652773904
outer_S0,0.5515230871346237,a6,0.0,0.0,0.0
outer_S0,0.5515230871346237,a7,-0.4758240570676287,0.0,-0.4758240570676287
outer_S0,0.5515230871346237,a8,-0.23537112526818002,0.0,-0.23537112526818002
outer_S0,0.5515230871346237,a9,0.18332788492320976,0.0,0.18332788492320976
outer_S0,0.5515230871346237,b1,0.26553809405800305,0.0,0.26553809405800305
outer_S0,0.5515230871346237,b2,-1.0554113267968874e-15,0.0,-1.0554113267968874e-15
outer_S0,0.5515230871346237,b3,0.5212997920854069,0.0,0.5212997920854069
outer_S0,0.5515230871346237,b4,1.9258529715416002,0.0,1.9258529715416002
outer_S0,0.5515230871346237,b5,-0.5310761881160061,0.0,-0.5310761881160061
outer_S0,0.5515230871346237,c1,-1.0664328473406548e-15,0.0,-1.0664328473406548e-15
outer_S0,0.5515230871346237,c2,-0.0319403543925654,0.0,-0.0319403543925654
outer_S0,0.5515230871346237,c3,0.0,0.0,0.0
outer_S0,0.5515230871346237,c4,1.4228053811934144e-16,-0.0,1.4228053811934144e-16
outer_S0,0.5515230871346237,c5,-0.1974177017701932,0.0,-0.1974177017701932
outer_S0,0.5515230871346237,c6,0.15092626386946673,0.0,0.15092626386946673
outer_S0,0.5515230871346237,d1,0.26553809405800305,0.0,0.26553809405800305
outer_S0,0.5515230871346237,d2,1.4081007715429236e-16,-0.0,1.4081007715429236e-16
outer_S0,0.5515230871346237,d3,-0.06954984630678229,0.0,-0.06954984630678229
outer_S0,0.5515230871346237,d4,0.0708547247170238,0.0,0.0708547247170238
outer_S0,0.5515230871346237,e1,0.3292834491259346,0.0,0.3292834491259346
outer_S0,0.5515230871346237,e2,-0.07146721667479228,0.0,-0.07146721667479228
outer_S0,0.5515230871346237,e3,0.0,0.0,0.0
outer_S0,0.5515230871346237,e4,-0.04392726901265043,0.0,-0.04392726901265043
outer_S0,0.5515230871346237,v1,1.7459404841483186,0.0,1.7459404841483186
outer_S0,0.5515230871346237,v2,0.0,0.0,0.0
outer_S0,0.5515230871346237,v3,-0.0,0.0,0.0
outer_S0,0.5515230871346237,v4,0.0,0.0,0.0
outer_S0,0.5515230871346237,v5,0.0,0.0,0.0
outer_S0,0.5515230871346237,v6,0.0,0.0,0.0
outer_S0,0.5515230871346237,v7,0.0,0.0,0.0
outer_S0,0.5515230871346237,v8,-0.0,-0.0,-0.0
outer_S0,0.5515230871346237,v9,1.0732442926612027,0.0,1.0732442926612027
outer_S0,0.5515230871346237,v10,-0.23293857857851097,0.0,-0.23293857857851097
outer_S0,0.5515230871346237,v11,0.0,-0.0,0.0
outer_S0,0.5515230871346237,v12,0.0,-0.0,0.0
outer_S0,0.5515230871346237,v13,0.0,0.0,0.0
mid,0.5807615435673119,a1,-0.349725153567019,0.0,-0.349725153567019
mid,0.5807615435673119,a2,0.616265932413315,-8.981943886843258e-05,0.6161761129744465
mid,0.5807615435673119,a3,-0.4744408109033673,0.0,-0.4744408109033673
mid,0.5807615435673119,a4,0.2197601005372453,0.0,0.2197601005372453
mid,0.5807615435673119,a5,-130.24980021612205,0.056066570716923,-130.19373364540513
mid,0.5807615435673119,a6,0.0,-7.0221335612408176e-06,-7.0221335612408176e-06
mid,0.5807615435673119,a7,0.08661500889226005,-1.0532708826893613e-05,0.08660447618343316
mid,0.5807615435673119,a8,-0.23522147959227638,0.0,-0.23522147959227638
mid,0.5807615435673119,a9,0.2186915827134168,2.069514436336961e-05,0.21871227785778016
mid,0.5807615435673119,b1,0.265707026876691,0.0,0.265707026876691
mid,0.5807615435673119,b2,1.6913794733641891,0.0,1.6913794733641891
mid,0.5807615435673119,b3,3.2159359119147983,0.0006275600960992,3.2165634720108973
mid,0.5807615435673119,b4,2.294543131094625,0.0,2.294543131094625
mid,0.5807615435673119,b5,-0.531414053753382,0.0,-0.531414053753382
mid,0.5807615435673119,c1,1.8103776859589746,0.0,1.8103776859589746
mid,0.5807615435673119,c2,-0.02915659199085749,-0.0030971214107432,-0.03225371340160069
mid,0.5807615435673119,c3,0.0,0.0,0.0
mid,0.5807615435673119,c4,-0.2525112311046681,5.5005740431727046e-05,-0.2524562253642364
mid,0.5807615435673119,c5,-0.2700329909834938,-4.96957227423267e-05,-0.27008268670623614
mid,0.5807615435673119,c6,0.2239809754124774,-0.000377211790895,0.2236037636215824
mid,0.5807615435673119,d1,0.265707026876691,0.0,0.265707026876691
mid,0.5807615435673119,d2,-0.23591337674830082,5.1605042871297385e-05,-0.23586177170542952
mid,0.5807615435673119,d3,-0.4485579473985002,0.0208304039588885,-0.42772754343961167
mid,0.5807615435673119,d4,0.07412155926375553,1.3053848747890395e-05,0.07413461311250343
mid,0.5807615435673119,e1,22.037049672516797,0.0011165233521091,22.038166195868907
mid,0.5807615435673119,e2,-1.0175803389225087,-0.0054044526839354,-1.022984791606444
mid,0.5807615435673119,e3,0.0,0.0,0.0
mid,0.5807615435673119,e4,-3.282967395414733,0.0039707620836609,-3.2789966333310723
mid,0.5807615435673119,v1,1.5755686609908373,-0.1357095339866261,1.4398591270042111
mid,0.5807615435673119,v2,0.04266989581905449,-0.0036753153450133,0.03899458047404119
mid,0.5807615435673119,v3,-0.04266989581905449,-0.0007778320347119,-0.04344772785376639
mid,0.5807615435673119,v4,0.0,0.0029495847329542,0.0029495847329542
mid,0.5807615435673119,v5,0.0,0.0,0.0
mid,0.5807615435673119,v6,0.0,0.003056639372348,0.003056639372348
mid,0.5807615435673119,v7,0.0002888988678005243,-2.4883923937543375e-05,0.00026401494386298096
mid,0.5807615435673119,v8,-0.02878374376420794,-0.001622325114487,-0.03040606887869494
mid,0.5807615435673119,v9,1.1376041391900875,0.0709075733755874,1.208511712565675
mid,0.5807615435673119,v10,-0.21976010053724532,-0.0070755601305762,-0.22683566066782151
mid,0.5807615435673119,v11,0.0,-0.001528319686174,-0.001528319686174
mid,0.5807615435673119,v12,0.0,-0.0032716914216275,-0.0032716914216275
mid,0.5807615435673119,v13,0.0,-0.928992586253689,-0.928992586253689
inner_S1,0.61,a1,-0.0,0.0,0.0
inner_S1,0.61,a2,0.2498444638162394,-5.4596480529894365,-5.209803589173197
inner_S1,0.61,a3,-0.3335037440415308,0.0,-0.3335037440415308
inner_S1,0.61,a4,0.2034372838653338,0.0,0.2034372838653338
inner_S1,0.61,a5,-2.444669780619268,134.89928469605942,132.45461491544015
inner_S1,0.61,a6,0.0,0.6697311731119477,0.6697311731119477
inner_S1,0.61,a7,-2.0522083861218934,-23.31495069818832,-25.367159084310213
inner_S1,0.61,a8,-0.2382221381302343,0.0,-0.2382221381302343
inner_S1,0.61,a9,0.2656462295811499,1.1618114819322147,1.4274577115133646
inner_S1,0.61,b1,0.2623601672395019,0.0,0.2623601672395019
inner_S1,0.61,b2,0.0,0.0,0.0
inner_S1,0.61,b3,-1.288834260175885,28.16346352148075,26.874629261304865
inner_S1,0.61,b4,1.7203945392754223,0.0,1.7203945392754223
inner_S1,0.61,b5,-0.5247203344790038,0.0,-0.5247203344790038
inner_S1,0.61,c1,0.0,0.0,0.0
inner_S1,0.61,c2,-0.0,-33.04525089579997,-33.04525089579997
inner_S1,0.61,c3,0.0,0.0,0.0
inner_S1,0.61,c4,-0.0,4.563944636609532,4.563944636609532
inner_S1,0.61,c5,-0.21247867671243453,-1.9482616666139991,-2.1607403433264336
inner_S1,0.61,c6,0.8915487947657732,7.490382028103851,8.381930822869624
inner_S1,0.61,d1,0.2623601672395019,0.0,0.2623601672395019
inner_S1,0.61,d2,-0.0,3.850164035662217,3.850164035662217
inner_S1,0.61,d3,0.18593424997204444,66.2646274050248,66.45056165499685
inner_S1,0.61,d4,0.0756990133262907,0.5903545503535735,0.6660535636798642
inner_S1,0.61,e1,-2.163074801601811,55.38474521647744,53.22167041487563
inner_S1,0.61,e2,-0.0,-38.31598854552666,-38.31598854552666
inner_S1,0.61,e3,0.0,0.0,0.0
inner_S1,0.61,e4,0.3120569524522523,375.7228287591576,376.03488571160983
inner_S1,0.61,v1,1.4101594584224773,18.68835097310728,20.098510431529757
inner_S1,0.61,v2,2.037410673021935,27.00109232780204,29.038503000823976
inner_S1,0.61,v3,-2.037410673021935,-32.27410034221415,-34.311511015236086
inner_S1,0.61,v4,0.0,-0.0001031260240118,-0.0001031260240118
inner_S1,0.61,v5,0.0,0.0,0.0
inner_S1,0.61,v6,0.0,3.216512943304698,3.216512943304698
inner_S1,0.61,v7,0.7359171733648119,9.752853367635453,10.488770541000264
inner_S1,0.61,v8,-1.5162410228629242,-2.289731835996202,-3.8059728588591257
inner_S1,0.61,v9,1.2288799538116553,0.4999040317336021,1.7287839855452574
inner_S1,0.61,v10,-0.20343728386533383,-0.2314537549430195,-0.43489103880835334
inner_S1,0.61,v11,0.0,-1.608256471652349,-1.608256471652349
inner_S1,0.61,v12,0.0,-3.766490468801369,-3.766490468801369
inner_S1,0.61,v13,0.0,94.870096161588,94.870096161588
