A0,A1,A2,A3,vend,vend_err,minK,uK,minA7,maxA6,minOdd,minCrT,max_df4,f4min,f4max,f2Y_needed_maxabs
-20.0,0,0,0,-9.216321696319683,-29.89530089633861,-210.76256118230228,0.6618042010502625,2.0015301172172646,-0.33302686564613804,0.6617762364078865,1.001521514152696,20.0,-21.09762722459835,-0.8432335872625503,272.11046176647085
-19.75,0,0,0,-9.069650259924753,-29.748629459943682,-208.01993742110446,0.6618042010502625,2.0015301172172646,-0.33302686564613804,0.6617533331196634,1.0015395743859234,19.75,-20.847628327979663,-0.8432335872625503,268.778063347472
-19.5,0,0,0,-8.922978823535438,-29.601958023554367,-205.27731365993765,0.6618042010502625,2.0015301172172646,-0.33302686564613804,0.6617304298304028,1.0015580685160863,19.5,-20.59762943136098,-0.8432335872625503,265.44566492848594
-19.25,0,0,0,-8.776307387145398,-29.455286587164327,-202.53468989876671,0.6618042010502625,2.0015301172172646,-0.33302686564613804,0.6617072658169277,1.0015770123698577,19.25,-20.34763053474229,-0.8432335872625503,262.1132665094983
-19.0,0,0,0,-8.62963595075948,-29.308615150778408,-199.79206613761838,0.6618042010502625,2.0015301172172646,-0.33302686564613804,0.6616837258676231,1.001596422385662,19.0,-20.0976316381236,-0.8432335872625503,258.78086809051996
-18.75,0,0,0,-8.482964514365884,-29.16194371438481,-197.04944237642783,0.6618042010502625,2.0015301172172646,-0.33302686564613804,0.6616601859204698,1.0016163154764606,18.75,-19.847632741504913,-0.8432335872625503,255.44846967152404
-18.5,0,0,0,-8.336293077975954,-29.01527227799488,-194.30681861525758,0.6618042010502625,2.0015301172172646,-0.33302686564613804,0.661636164437227,1.0016367106005077,18.5,-19.597633844886225,-0.8432335872625503,252.11607125253659
-18.25,0,0,0,-8.189621641586417,-28.868600841605346,-191.5641948540895,0.6618042010502625,2.0015301172172646,-0.33302686564613804,0.6616119737825741,1.001657627005062,18.25,-19.3476359840805,-0.8432335872625503,248.7836728335501
-18.0,0,0,0,-8.042950205192708,-28.72192940521164,-188.82157109289844,0.6618042010502625,2.0015301172172646,-0.33302686564613804,0.6615876881541622,1.0016790846941317,18.0,-19.09763846668503,-0.8432335872625503,245.451274414554
-17.75,0,0,0,-7.896278768808607,-28.575257968827536,-186.07894733176005,0.6618042010502625,2.0015301172172646,-0.33302686564613804,0.6615628325249441,1.0017011044513453,17.75,-18.84764094928956,-0.8432335872625503,242.1188759955798
-17.5,0,0,0,-7.749607332416842,-28.428586532435773,-183.33632357057965,0.6618042010502625,2.0015301172172646,-0.33302686564613804,0.661537976897917,1.0017237094236549,17.5,-18.597643431894085,-0.8432335872625503,238.78647757658817
-17.25,0,0,0,-7.6029358960267075,-28.281915096045637,-180.5936998094084,0.6618042010502625,2.0015301172172646,-0.33302686564613804,0.6615127024823583,1.0017469232549834,17.25,-18.347645914498614,-0.8432335872625503,235.45407915760035
-17.0,0,0,0,-7.456264459635976,-28.135243659654904,-177.85107604823344,0.6618042010502625,2.0015301172172646,-0.33302686564613804,0.6614871673941356,1.001770770120068,17.0,-18.097648397103143,-0.8432335872625503,232.12168073861096
-16.75,0,0,0,-7.309593023252235,-27.988572223271163,-175.1084592571685,0.6617779444861215,2.0015301172172646,-0.33302686564613804,0.6614615225902767,1.0017952766657583,16.75,-17.84765087970767,-0.8432335872625503,228.78928231963758
-16.5,0,0,0,-7.162921586848397,-27.841900786867328,-172.36585378128888,0.6617779444861215,2.0015301172172646,-0.33302686564613804,0.6614352933337297,1.0018204710466538,16.5,-17.597653362312197,-0.8432335872625503,225.4568839006185
-16.25,0,0,0,-7.016250150458021,-27.69522935047695,-169.6232483054828,0.6617779444861215,2.0015301172172646,-0.33302686564613804,0.6614090640744499,1.0018463823906163,16.25,-17.347655844916726,-0.8432335872625503,222.12448548163007
-16.0,0,0,0,-6.869578714078631,-27.54855791409756,-166.88064282973625,0.6617779444861215,2.0015301172172646,-0.33302686564613804,0.6613822912472715,1.00187304090339,16.0,-17.097658327521255,-0.8432335872625503,218.79208706266647
-15.75,0,0,0,-6.722907277686548,-27.401886477705478,-164.1380373539208,0.6617779444861215,2.0015301172172646,-0.33302686564613804,0.6613553528824176,1.0019004804976366,15.75,-16.84766081012578,-0.8432335872625503,215.45968864367416
-15.5,0,0,0,-6.576235841294823,-27.255215041313754,-161.39543187810727,0.6617779444861215,2.0015301172172646,-0.33302686564613804,0.6613280967482043,1.0019287360116909,15.5,-16.59766329273031,-0.8432335872625503,212.12729899594765
-15.25,0,0,0,-6.4295644048997245,-27.108543604918655,-158.65282640227525,0.6617779444861215,2.0015301172172646,-0.33302686564613804,0.6613004341175017,1.001957843077471,15.25,-16.34766577533484,-0.8432335872625503,208.79491585888485
-15.0,0,0,0,-6.282892968511415,-26.961872168530345,-155.91022092648032,0.6617779444861215,2.0015301172172646,-0.33302686564613804,0.6612726384057298,1.0019878418873476,15.0,-16.097668257939368,-0.8432335872625503,205.4625327218374
-14.75,0,0,0,-6.136221532123562,-26.815200732142493,-153.16761545068778,0.6617779444861215,2.0015301172172646,-0.33302686564613804,0.661244236118802,1.002018774308522,14.75,-15.847670740543895,-0.8432335872625503,202.13014958479093
-14.5,0,0,0,-5.989550095727512,-26.668529295746442,-150.42500997485067,0.6617779444861215,2.0015301172172646,-0.33302686564613804,0.6612158233581511,1.0020506834511638,14.5,-15.597673223148425,-0.8432335872625503,198.797766447726
-14.25,0,0,0,-5.842878659332827,-26.521857859351755,-147.68240449902103,0.6617779444861215,2.0015301172172646,-0.33302686564613804,0.6611866658012263,1.002083616872853,14.25,-15.347675705752952,-0.8432335872625503,195.4653833106641
-14.0,0,0,0,-5.696207222948394,-26.375186422967325,-144.93979902324705,0.6617779444861215,2.0015301172172646,-0.33302686564613804,0.6611575082424663,1.002117625363553,14.0,-15.097678188357479,-0.8432335872625503,192.13300017362533
-13.75,0,0,0,-5.549535786562931,-26.22851498658186,-142.19719354746766,0.6617779444861215,2.0015301172172646,-0.33302686564613804,0.6611276226328664,1.0021527611640004,13.75,-14.847680670962008,-0.8432335872625503,188.80061703658438
-13.5,0,0,0,-5.4028643501724005,-26.08184355019133,-139.4545880716606,0.6617779444861215,2.0015301172172646,-0.33302686564613804,0.6610976939563722,1.002189081757517,13.5,-14.597683153566535,-0.8432335872625503,185.46823389953192
-13.25,0,0,0,-5.256192913775979,-25.93517211379491,-136.71199434032425,0.6617516879219805,2.0015301172172646,-0.33302686564613804,0.6610670045465674,1.002226648958693,13.25,-14.347685636171065,-0.8432335872625503,182.13585076246613
-13.0,0,0,0,-5.109521477382936,-25.788500677401863,-133.9694118837701,0.6617516879219805,2.0015301172172646,-0.33302686564613804,0.6610362266622046,1.0022655263994074,13.0,-14.097689846226723,-0.8432335872625503,178.80346762540793
-12.75,0,0,0,-4.962850040997546,-25.641829241016474,-131.22682942725768,0.6617516879219805,2.0015301172172646,-0.33302686564613804,0.6610047072724446,1.0023057847838102,12.75,-13.847694259737361,-0.8432335872625503,175.47108448836707
-12.5,0,0,0,-4.816178604609442,-25.49515780462837,-128.4842469707306,0.6617516879219805,2.0015301172172646,-0.33302686564613804,0.6609729650840692,1.0023474998354578,12.5,-13.597698673248,-0.8432335872625503,172.1387013513201
-12.25,0,0,0,-4.669507168213636,-25.348486368232564,-125.74166451416133,0.6617516879219805,2.0015301172172646,-0.33302686564613804,0.6609406256356698,1.00239074950388,12.25,-13.34770308675864,-0.8432335872625503,168.80631821425567
-12.0,0,0,0,-4.522835731822055,-25.201814931840985,-122.99908205761521,0.6617516879219805,2.0015301172172646,-0.33302686564613804,0.6609078277689907,1.00243562242544,12.0,-13.097707500269278,-0.8432335872625503,165.4739350772008
-11.75,0,0,0,-4.376164295435998,-25.055143495454928,-120.25649960109934,0.6617516879219805,2.0015301172172646,-0.33302686564613804,0.6608746514719426,1.0024822103663606,11.75,-12.847711913779916,-0.8432335872625503,162.14155194015848
-11.5,0,0,0,-4.229492859041677,-24.908472059060607,-117.51391714453817,0.6617516879219805,2.0015301172172646,-0.33302686564613804,0.6608407035341052,1.0025306136919667,11.5,-12.597716327290556,-0.8432335872625503,158.80916880309744
-11.25,0,0,0,-4.082821422649677,-24.761800622668606,-114.77133468798955,0.6617516879219805,2.0015301172172646,-0.33302686564613804,0.6608064074397072,1.0025809402031658,11.25,-12.347720740801195,-0.8432335872625503,155.47678566604154
-11.0,0,0,0,-3.936149986259572,-24.6151291862785,-112.02876298689681,0.6617254313578395,2.0015301172172646,-0.33302686564613804,0.6607715061400472,1.0026333074150209,11.0,-12.097725154311833,-0.8432335872625503,152.14440252899013
-10.75,0,0,0,-3.7894785498681998,-24.46845774988713,-109.2862082851119,0.6617254313578395,2.0015301172172646,-0.33302686564613804,0.6607359519273914,1.0026878396851728,10.75,-11.847729567822471,-0.8432335872625503,148.81201939193565
-10.5,0,0,0,-3.6428071134844635,-24.32178631350339,-106.54365358336867,0.6617254313578395,2.0015301172172646,-0.33302686564613804,0.6606999715770452,1.0027446752274658,10.5,-11.59773398133311,-0.8432335872625503,145.47963625489854
-10.25,0,0,0,-3.496135677092036,-24.175114877110964,-103.80109888157814,0.6617254313578395,2.0015301172172646,-0.33302686564613804,0.6606632752562795,1.002803961830876,10.25,-11.34773908843695,-0.8432335872625503,142.1472555402118
-10.0,0,0,0,-3.349464240707894,-24.028443440726825,-101.05854417983277,0.6617254313578395,2.0015301172172646,-0.33302686564613804,0.6606258885831396,1.0028658604833867,10.0,-11.097745984530201,-0.8432335872625503,138.81489575562784
-9.75,0,0,0,-3.2027928043106684,-23.881772004329598,-98.31598947801619,0.6617254313578395,2.0015301172172646,-0.33302686564613804,0.6605879498400667,1.0029305476052837,9.75,-10.847752880623453,-0.8432335872625503,135.4825359710141
-9.5,0,0,0,-3.0561213679197943,-23.735100567938723,-95.57343477623402,0.6617254313578395,2.0015301172172646,-0.33302686564613804,0.6605493865336916,1.0029982162851279,9.5,-10.597759776716707,-0.8432335872625503,132.15017618641477
-9.25,0,0,0,-2.9094499315298243,-23.588429131548754,-92.83091044985228,0.6616991747936984,2.0015301172172646,-0.33302686564613804,0.6520477054654239,1.0030690774381696,9.25,-10.347766672809959,-0.8432335872625503,128.8178164018175
-9.0,0,0,0,-2.762778495141627,-23.441757695160558,-90.08838823991756,0.6616991747936984,2.0015301172172646,-0.33302686564613804,0.6125437122605045,1.003143362464905,9.0,-10.09777356890321,-0.8432335872625503,125.48545661722433
-8.75,0,0,0,-2.616107058749043,-23.295086258767974,-87.34586602995863,0.6616991747936984,2.0015301172172646,-0.33302686564613804,0.5753639249952508,1.0032213254774338,8.75,-9.847780464996463,-0.8432335872625503,122.15309683262112
-8.5,0,0,0,-2.469435622356479,-23.148414822375408,-84.60334381999994,0.6616991747936984,2.0015301172172646,-0.33302686564613804,0.5405117239886987,1.0033032464740919,8.5,-9.597787361089717,-0.8432335872625503,118.82073704801796
-8.25,0,0,0,-2.3227641859709522,-23.001743385989883,-81.86082661187409,0.6616729182295573,2.0015301172172646,-0.33302686564613804,0.5079887023945245,1.0033894334486688,8.25,-9.347796902434428,-0.8432335872625503,115.4883772634308
-8.0,0,0,0,-2.1760927495772,-22.85507194959613,-79.11834163238123,0.6616729182295573,2.0015301172172646,-0.33302686564613804,0.47779791071190103,1.003480227261256,7.999999999999999,-9.09780683277858,-0.8432335872625503,112.15601747882498
-7.75,0,0,0,-2.0294213131905816,-22.70840051320951,-76.37585665292714,0.6616729182295573,2.0015301172172646,-0.33302686564613804,0.4499409643138882,1.0035760068614512,7.749999999999999,-8.847816763122731,-0.8432335872625503,108.82365769423531
-7.5,0,0,0,-1.8827498767964916,-22.56172907681542,-73.63337167343238,0.6616729182295573,2.0015301172172646,-0.33302686564613804,0.424419367586531,1.0036771931344954,7.499999999999999,-8.597826693466882,-0.8432335872625503,105.49132051455652
-7.25,0,0,0,-1.7360784404061085,-22.415057640425037,-70.89090462635492,0.6616466616654163,2.0015301172172646,-0.33302686564613804,0.4012347432660537,1.003784253542562,7.249999999999999,-8.347836623811034,-0.8432335872625503,102.15899210210442
-7.0,0,0,0,-1.5894070040179495,-22.26838620403688,-68.14846161755716,0.6616466616654163,2.0015301172172646,-0.33302686564613804,0.3803885371139775,1.0038977141853185,6.999999999999999,-8.097849167065416,-0.8432335872625503,98.82666368965737
-6.75,0,0,0,-1.4427355676252522,-22.121714767644182,-65.40601860873448,0.6616466616654163,2.0015301172172646,-0.33302686564613804,0.36188229469146926,1.0040181630627858,6.75,-7.8478626833187075,-0.8432335872625503,95.49433527719998
-6.5,0,0,0,-1.2960641312364651,-21.975043331255396,-62.66359795681661,0.6616204051012753,2.0015301172172646,-0.33302686564613804,0.3457164771280804,1.00414626485626,6.5,-7.597876199571998,-0.8432335872625503,92.16200686475153
-6.25,0,0,0,-1.149392694845627,-21.828371894864556,-59.92120166040218,0.6616204051012753,2.0015301172172646,-0.33302686564613804,0.33189192832049486,1.0042827739699174,6.25,-7.347889715825289,-0.8432335872625503,88.82967845229837
-6.0,0,0,0,-1.0027212584548422,-21.68170045847377,-57.17880835040552,0.6615941485371343,2.0015301172172646,-0.33302686564613804,0.32040864826894105,1.0044285476576689,6.0,-7.097907141426994,-0.8432335872625503,85.49736937346924
-5.75,0,0,0,-0.8560498220664691,-21.5350290220854,-54.43646350966247,0.6615941485371343,2.0015301172172646,-0.33302686564613804,0.31126616306042104,1.0045845539902858,5.75,-6.847924795235796,-0.8432335872625503,82.16508051247037
-5.5,0,0,0,-0.7093783856730882,-21.388357585692017,-51.69412085857634,0.6615678919729933,2.0015301172172646,-0.33302686564613804,0.30446340592050863,1.0047518935649786,5.5,-6.597942632821919,-0.8432335872625503,78.83279165146013
-5.25,0,0,0,-0.562706949283237,-21.241686149302165,-48.95183221825795,0.6615678919729933,2.0015301172172646,-0.33302686564613804,0.29999840354384705,1.004931805846347,5.25,-6.347964975818906,-0.8432335872625503,75.50050279045786
-5.0,0,0,0,-0.4160355128919941,-21.095014712910924,-46.20956453252622,0.6615416354088521,2.0015301172172646,-0.33302686564613804,0.2978691687847344,1.005069401853415,5.0,-6.097987318815893,-0.8432335872625503,72.16823214337761
-4.75,0,0,0,-0.2693640765041516,-20.94834327652308,-43.467336838926485,0.6615416354088521,2.0015301172172646,-0.33302686564613804,0.2980723225106551,1.005069401853415,4.75,-5.848013548922468,-0.8432335872625503,68.83599101128965
-4.5,0,0,0,-0.12269264011189793,-20.801671840130826,-40.72516833176732,0.6615153788447111,2.0015301172172646,-0.33302686564613804,0.30060427544023666,1.005069401853415,4.5,-5.5980411327247905,-0.8432335872625503,65.50374987919172
-4.25,0,0,0,0.023978796279584144,-20.655000403739344,-37.98305282512842,0.6614891222805701,2.0015301172172646,-0.33302686564613804,0.3054585809560564,1.005069401853415,4.25,-5.348073873081397,-0.8432335872625503,62.17154150983178
-4.0,0,0,0,0.17065023266839513,-20.508328967350533,-35.24100504303679,0.6614628657164291,2.0015301172172646,-0.33302686564613804,0.31262790595069284,1.005069401853415,4.0,-5.09810955779732,-0.8432335872625503,58.83935598129441
-3.75,0,0,0,0.3173216690602279,-20.361657530958702,-32.49903991723475,0.6614366091522881,2.0015301172172646,-0.33302686564613804,0.32210417991476775,1.005069401853415,3.75,-4.848149839310169,-0.8432335872625503,55.50719528151099
-3.5,0,0,0,0.46399310544845124,-20.214986094570477,-29.757176580402696,0.6613840960240059,2.0015301172172646,-0.33302686564613804,0.33388059732429404,1.005069401853415,3.5,-4.598196455048777,-0.8432335872625503,52.175073444118404
-3.25,0,0,0,0.610664541839964,-20.068314658178966,-27.015448669725266,0.6613578394598649,2.0015301172172646,-0.33302686564613804,0.34793187991189245,1.005069401853415,3.25,-4.34825081775458,-0.8432335872625503,48.84299979560951
-3.0,0,0,0,0.7573359782292844,-19.921643221789644,-26.076040982079398,0.7099849962490622,2.0015301172172646,-0.33302686564613804,0.36424042514358684,1.005069401853415,3.0,-4.098314825433572,-0.8432335872625503,45.51097313629593
-2.75,0,0,0,0.9040074146202263,-19.7749717853987,-25.213811107070367,0.7099849962490622,2.0015301172172646,-0.33302686564613804,0.38278360996757327,1.005069401853415,2.75,-3.848390091903072,-0.8432335872625503,42.179018514555246
-2.5,0,0,0,1.0506788510093281,-19.628300349009603,-24.35158123207215,0.7099849962490622,2.0015301172172646,-0.33302686564613804,0.4035328796052858,1.005069401853415,2.5,-3.5984814460577184,-0.8432335872625503,38.84715798127463
-2.25,0,0,0,1.1973502874010677,-19.48162891261786,-23.489351357058432,0.7099849962490622,2.0015301172172646,-0.33302686564613804,0.4264349994868861,1.005069401853415,2.25,-3.348593279218077,-0.8432335872625503,35.51541543815676
-2.0,0,0,0,1.3440217237919978,-19.334957476226933,-22.627121482049468,0.7099849962490622,2.0015301172172646,-0.33302686564613804,0.45142812186693015,1.005069401853415,2.0,-3.3438549658915457,-0.8432335872625503,32.183841781516264
-1.75,0,0,0,1.490693160182388,-19.18828603983654,-21.76489160704368,0.7099849962490622,2.0015301172172646,-0.33302686564613804,0.47842894453910234,1.005069401853415,1.7500000000000002,-3.3438549658915457,-0.8432335872625503,28.852511776595325
-1.5,0,0,0,1.6373645965743837,-19.041614603444547,-20.902661732028456,0.7099849962490622,2.0015301172172646,-0.33302686564613804,0.5073015779033707,1.005069401853415,1.5000000000000002,-3.3438549658915457,-0.8432335872625503,25.521558920497707
-1.25,0,0,0,1.7840360329625677,-18.89494316705636,-20.040431857035635,0.7099849962490622,2.0015301172172646,-0.33302686564613804,0.5378396305665987,1.005069401853415,1.2500000000000002,-3.3438549658915457,-0.8432335872625503,22.19121195188813
-1.0,0,0,0,1.930707469352185,-18.748271730666744,-19.178201982034395,0.7099849962490622,2.0015301172172646,-0.33302686564613804,0.569699879364552,1.005069401853415,1.0000000000000002,-3.3438549658915457,-0.8432335872625503,18.86196482217344
-0.75,0,0,0,2.077378905744983,-18.601600294273947,-18.31597210701445,0.7099849962490622,2.0015301172172646,-0.33302686564613804,0.6022183489708087,1.005069401853415,0.75,-3.3438549658915457,-0.8432335872625503,15.535068300617516
-0.5,0,0,0,2.2240503421345523,-18.454928857884376,-17.453742232013486,0.7099849962490622,2.0015301172172646,-0.33302686564613804,0.633930057576339,1.005069401853415,0.5,-3.3438549658915457,-0.8432335872625503,12.214339465513063
-0.25,0,0,0,2.370721778524012,-18.30825742149492,-16.59151235701317,0.7099849962490622,2.0015301172172646,-0.33302686564613804,0.6577709353847372,1.005069401853415,0.25,-3.3438549658915457,-0.8432335872625503,9.477339970230352
0.0,0,0,0,2.5173932149150704,-18.16158598510386,-15.729282482003452,0.7099849962490622,2.0015301172172646,-0.33302686564613804,0.657044426489707,1.005069401853415,0.0,-3.3438549658915457,-0.8432335872625503,9.355125048601879
0.25,0,0,0,2.6640646513052477,-18.014914548713683,-14.867052606998918,0.7099849962490622,2.0015301172172646,-0.33302686564613804,0.6366323540844538,1.005069401853415,0.25,-3.3438549658915457,-0.8403228964320365,9.234155993639975
0.5,0,0,0,2.810736087696789,-17.86824311232214,-14.004822731986362,0.7099849962490622,2.0015301172172646,-0.25335309826715774,0.6161742826428559,1.005069401853415,0.5,-3.3438549658915457,-0.5934772654661592,9.114675159529726
0.75,0,0,0,2.9574075240861135,-17.721571675932815,-13.142592856986838,0.7099849962490622,1.3276523372511364,-0.1676091391871902,0.5958427133850085,1.005069401853415,0.75,-3.3438549658915457,-0.3447018871050511,8.997176313880782
1.0,0,0,0,3.1040789604764587,-17.574900239542472,-12.280362981981316,0.7099849962490622,0.5972257664785997,-0.08185347422690527,0.5756409993675509,1.005069401853415,1.0,-3.3438549658915457,-0.09535378045955023,8.88119665802388
1.25,0,0,0,3.2507503968679594,-17.42822880315097,-11.418133106969002,0.7099849962490622,-0.1357671420702905,0.003907668973874931,0.5555675111048151,-92.1148434790958,1.25,-3.3438549658915457,0.1542383528321034,11.155546059145696
1.5,0,0,0,3.39742183325808,-17.28155736676085,-10.555903231964798,0.7099849962490622,-0.8701260914947281,0.08967168404654126,0.5356198992580821,-133.90608942255957,1.5,-3.3438549658915457,0.4039610999042258,14.486242475427616
1.75,0,0,0,3.5440932696479983,-17.13488593037093,-9.693673356961781,0.7099849962490622,-1.605294280811449,0.17543741805262875,0.515795851200432,-26.726506240050593,1.75,-3.3438549658915457,0.6537617687521895,17.817408607754018
2.0,0,0,0,3.690764706039058,-16.98821449397987,-8.831443481952057,0.7099849962490622,-2.340977063093228,0.26120415991969786,0.4960928409876718,-100.58865899538557,2.0,-3.3438549658915457,0.9036090059611457,21.148866430973513
2.25,0,0,0,3.837436142429364,-16.841543057589565,-7.9692136069467665,0.7099849962490622,-3.0770151760262245,0.3469719580637953,0.4765085970368712,-364.33099878858366,2.25,-3.3438549658915457,1.1534880908525118,24.480518443441344
2.5,0,0,0,3.9841075788193265,-16.694871621199603,-7.106983731943494,0.7099849962490622,-3.8133061995131317,0.432739982392254,0.45704049853002365,-100.92973091849403,2.5,-3.3438549658915457,1.4033906360141615,27.812321862508377
2.75,0,0,0,4.130779015210172,-16.548200184808756,-6.244753856935027,0.7099849962490622,-4.549787347151716,0.5185087621409791,0.43768664845035243,-25.173833702341597,2.75,-3.3438549658915457,1.6533103437300296,31.144231055080933
3.0,0,0,0,4.277450451600813,-16.401528748418116,-5.382523981927768,0.7099849962490622,-5.286415341772718,0.6042775418897042,0.41844471633801117,-16.894841483942347,3.0,-3.3438549658915457,1.9032434829451625,34.47622088050277
3.25,0,0,0,4.424121887990447,-16.254857312028484,-4.520294106926425,0.7099849962490622,-6.023149629885149,0.6900467729128904,0.3993122271266254,-31.74301746939386,3.25,-3.3438549658915457,2.153186381658844,37.80826899597673
3.5,0,0,0,4.570793324380897,-16.108185875638032,-3.658064231920285,0.7099849962490622,-6.75996933753778,0.7758163006593806,0.3802874000791535,-37.60373124505023,3.5,-3.3438549658915457,2.4031373829307916,41.140377477474324
3.75,0,0,0,4.717464760771518,-15.961514439247411,-2.79583435691314,0.7099849962490622,-7.4968558765849105,0.8615858284058706,0.3613681138188524,-35.81197351297215,3.75,-3.3438549658915457,2.653094830232868,44.47252615763149
4.0,0,0,0,4.86413619716236,-15.81484300285657,-1.9336044819046947,0.7099849962490622,-8.233802110186565,0.9473553561523608,0.34255240682750054,-408.99653100992924,4.0,-3.3438549658915457,2.9030570704163723,47.804699842801746
4.25,0,0,0,5.0108076335528065,-15.668171566466123,-1.0713746068985799,0.7099849962490622,-8.970792974652783,1.0331251282067708,0.3238386802944786,-17.857833629648344,4.25,-3.3438549658915457,3.153023694208913,51.136905633279255
4.5,0,0,0,5.157479069942961,-15.521500130075967,-0.20914473189417748,0.7099849962490622,-9.707824115627147,1.1188952232445133,0.3052246189812449,-16.33353320087697,4.5,-3.3438549658915457,3.4029948459374912,54.46913638698717
4.75,0,0,0,5.304150506333922,-15.374828693685007,0.6530851431149642,0.7099849962490622,-10.444890912631681,1.2046653182822558,0.28670903811078746,-30.10497801254136,4.75,-3.3438549658915457,3.652967262135169,57.80136714069692
5.0,0,0,0,5.450821942724302,-15.228157257294628,1.5153150181206883,0.7099849962490622,-11.181986741845154,1.290435413319998,0.2682896218357021,-13.422756371932667,5.0,-3.3438549658915457,3.9029445317986413,61.1336425630567
5.25,0,0,0,5.597493379114375,-15.081485820904554,2.3775448931246146,0.7099849962490622,-11.919108976747035,1.3762055083577407,0.24996525418749532,-41.53277731250707,5.25,-3.3438549658915457,4.1529221888016545,64.46592252313796
5.5,0,0,0,5.744164815504197,-14.934814384514732,3.239774768127063,0.7099849962490622,-12.656252045109333,1.4619756033954834,0.2317342053050856,-13.905044012554795,5.5,-3.3438549658915457,4.402902836229664,67.79820248321863
5.75,0,0,0,5.890836251895154,-14.788142948123776,4.102004643136183,0.7099849962490622,-13.39341117567263,1.5477456984332256,0.21359461018196235,-21.414609438471537,5.75,-3.3438549658915457,4.652885182420862,71.13048347169513
6.0,0,0,0,6.037507688287153,-14.641471511731776,4.964234518151436,0.7099849962490622,-14.130587015610326,1.6335157934709683,0.19554540727549496,-20.467178534414543,6.0,-3.3438549658915457,4.9028675286120595,74.46280438298682
6.25,0,0,0,6.184179124676325,-14.494800075342605,5.826464393150054,0.7099849962490622,-14.867780931233604,1.7192860566866386,0.17758468413867767,-11.192853446781399,6.25,-3.3438549658915457,5.152852976440787,77.79512529427211
6.5,0,0,0,6.330850561066027,-14.348128638952902,6.688694268151799,0.7099849962490622,-15.604980265698336,1.8050565382514232,0.15971093580014106,-13.846680648296141,6.5,-3.3438549658915457,5.402839460187495,81.12744620555858
6.75,0,0,0,6.477521997458467,-14.201457202560462,6.958646664617252,0.620423855963991,-16.34220102220973,1.890827019816208,0.1419231941048782,-173.68736761279177,6.75,-3.3438549658915457,5.6528259439342055,84.4597671168513
7.0,0,0,0,6.624193433847006,-14.054785766171923,6.962010269748832,0.62039759939985,-17.079422263053093,1.9765975013809927,0.1242200839481512,-41.422718499436776,7.0,-3.3438549658915457,5.902812427680914,87.79208802813514
7.25,0,0,0,6.7708648702368475,-13.908114329782082,6.965290744824408,0.6203713428357089,-17.816661795899037,2.0623679829457773,0.1066000874763039,-27.799811150213056,7.25,-3.3438549658915457,6.152802438683086,91.12442286502257
7.5,0,0,0,6.91753630662877,-13.76144289339016,6.968491408215552,0.6203450862715679,-18.55390335480526,2.148138464510562,0.08906166152242156,-23.17531962294265,7.5,-3.3438549658915457,6.402792508338934,94.45677675967582
7.75,0,0,0,7.06420774301763,-13.6147714570013,6.9716153383260835,0.6203188297074268,-19.291153678610648,2.2339089460753465,0.07160394487998467,-66.46387243286016,7.75,-3.3438549658915457,6.652782577994783,97.78913065432214
8.0,0,0,0,7.210879179408454,-13.468100020610475,6.974667133658942,0.6202925731432858,-20.028413967101514,2.3196794276401316,0.0542256904406303,-17.349722306815305,8.0,-3.3438549658915457,6.9027726476506315,101.12148454897289
8.25,0,0,0,7.357550615799083,-13.321428584219847,6.977652191365314,0.6202663165791448,-20.76567425559238,2.4054499092049157,0.03692571665721067,-360.2841081753767,8.25,-3.3438549658915457,7.15276271730648,104.4538384436232
8.5,0,0,0,7.504222052190617,-13.174757147828313,6.98057489503598,0.6202400600150038,-21.502944688256633,2.491220390769701,0.019702879242458393,-18.873198633650226,8.5,-3.3438549658915457,7.402755401847715,107.78619233827558
8.75,0,0,0,7.650893488578985,-13.028085711439944,6.983438484642532,0.6202138034508627,-22.240222117696387,2.576990872334486,0.0025560656465344334,-108.41320003271008,8.75,-3.3438549658915457,7.652748505754461,111.11854623292074
9.0,0,0,0,7.797564924971149,-12.881414275047781,6.986246442732661,0.6201875468867216,-22.977499547136137,2.66276135389927,-0.01451585286691437,-20.66127802102808,9.0,-3.3438549658915457,7.902741609661209,114.45090012757453
9.25,0,0,0,7.944236361360577,-12.734742838658352,6.989002089730928,0.6201612903225806,-23.714779084954188,2.748531835464055,-0.03151399084646034,-15.291259168044718,9.25,-3.3438549658915457,8.152734713567957,117.78325402222212
9.5,0,0,0,8.09090779775223,-12.5880714022667,6.991693427324062,0.6201612903225806,-24.452072066554432,2.8343023170288397,-0.048439423985273455,-16.911586401738262,9.5,-3.3438549658915457,8.402727817474705,121.11562087211733
9.75,0,0,0,8.237579234143745,-12.441399965875185,6.994333125508584,0.6201350337584396,-25.189365048154684,2.920072798593625,-0.06529314400916675,-31.923553077684932,9.75,-3.3438549658915457,8.652720921381452,124.44800000567976
10.0,0,0,0,8.384250670532293,-12.294728529486637,6.9969281089976025,0.6201087771942986,-25.92665802975493,3.0058432801584094,-0.08207609803889881,-14.596429287223195,10.0,-3.3438549658915457,8.9027140252882,127.78037913923538
10.25,0,0,0,8.530922106924494,-12.148057093094435,6.999482342559968,0.6200825206301576,-26.663951011355174,3.091613761723194,-0.09878920299424998,-32.312722961148815,10.25,-3.3438549658915457,9.1527083158153,131.11275827279934
10.5,0,0,0,8.677593543314465,-12.001385656704464,7.001976663207662,0.6200825206301576,-27.401256579635653,3.1773842432879786,-0.11543335824382461,-16.008694650758574,10.5,-3.3438549658915457,9.40270390230466,134.4451374063583
10.75,0,0,0,8.824264979703276,-11.854714220315653,7.00443213141398,0.6200562640660164,-28.138563524460302,3.2631547248527637,-0.13200944615859,-12.884408470201635,10.75,-3.3438549658915457,9.65269948879402,137.77751653991453
11.0,0,0,0,8.970936416093245,-11.708042783925684,7.006857154432229,0.6200300075018754,-28.87587046928495,3.3489252064175483,-0.14851899894117804,-13.200429292910401,11.0,-3.3438549658915457,9.902695075283383,141.10989567347337
11.25,0,0,0,9.117607852484392,-11.561371347534537,7.009226597257481,0.6200300075018754,-29.613177414109604,3.4346956879823325,-0.16496246905447975,-17.4409450793916,11.25,-3.3438549658915457,10.152690661772745,144.44227480703498
11.5,0,0,0,9.264279288876141,-11.414699911142788,7.011562593780523,0.6200037509377344,-30.35048435893425,3.5204661695471176,-0.18134047521468344,-41.20988587974391,11.5,-3.3438549658915457,10.402686248262105,147.77465394059791
11.75,0,0,0,9.410950725265531,-11.268028474753399,7.013871483451867,0.6200037509377344,-31.087798587654948,3.6062367603596575,-0.19765376975458926,-9.630660582235993,11.75,-3.3438549658915457,10.652681834751466,151.1070330741555
12.0,0,0,0,9.557622161657296,-11.121357038361634,7.016122946927743,0.6199774943735934,-31.825117906625106,3.692007447630103,-0.2139030831525397,-25.69917616025807,12.0,-3.3438549658915457,10.902677421240828,154.43941220771842
12.25,0,0,0,9.704293598046359,-10.97468560197257,7.018352416528494,0.6199512378094524,-32.56243722559527,3.777778134900549,-0.23009061214972193,-10.861374636936372,12.25,-3.3438549658915457,11.15267300773019,157.77179134127525
12.5,0,0,0,9.850965034436324,-10.828014165582605,7.0205438821338255,0.6199512378094524,-33.29975654456542,3.863548822170995,-0.24621563880442365,-308.3440352330755,12.5,-3.3438549658915457,11.40266859421955,161.1041704748342
12.75,0,0,0,9.99763647082646,-10.681342729192469,7.022696330468078,0.6199249812453114,-34.037075863535584,3.9493195094414406,-0.2622788203917279,-53.81816940165286,12.75,-3.3438549658915457,11.65266418070891,164.4365496083934
13.0,0,0,0,10.144307907216985,-10.534671292801944,7.024830889778466,0.6199249812453114,-34.77439518250574,4.035090196711887,-0.2782819601069655,-22.389379284491437,13.0,-3.3438549658915457,11.902659767198273,167.76892874195357
13.25,0,0,0,10.2909793436084,-10.387999856410529,7.026910499529832,0.6198987246811702,-35.5117145014759,4.120860883982332,-0.294225561984494,-20.13495848825712,13.25,-3.3438549658915457,12.15265711684937,171.10130787551574
13.5,0,0,0,10.437650779992916,-10.241328420026013,7.028975905170194,0.6198724681170292,-36.24904164452382,4.206631571252778,-0.3101093752641142,-22.691711052725896,13.5,-3.3438549658915457,12.402654634244843,174.43368700906225
13.75,0,0,0,10.584322216393732,-10.094656983625198,7.031000175858129,0.6198724681170292,-36.98637174842272,4.292402258523225,-0.3259354776641623,-35.05271772553252,13.75,-3.3438549658915457,12.652652151640316,177.76606614264585
14.0,0,0,0,10.73099365278227,-9.947985547236659,7.03300000821444,0.6198462115528882,-37.72370185232162,4.37817294579367,-0.34170392028685015,-240.92405637144526,14.0,-3.3438549658915457,12.902649669035787,181.0984452762015
14.25,0,0,0,10.877665089169799,-9.80131411084913,7.034970861814324,0.6198462115528882,-38.461031956220516,4.463943633064116,-0.357414395195768,-9.590218276591122,14.25,-3.3438549658915457,13.15264718643126,184.43083296554653
14.5,0,0,0,11.024336525559963,-9.654642674458966,7.0369107775127215,0.6198199549887472,-39.19836206011941,4.549714320334562,-0.37307010536866136,-17.55172237801708,14.5,-3.3438549658915457,13.402644703826732,187.76322887497935
14.75,0,0,0,11.171007961947236,-9.507971238071693,7.038829342713036,0.6198199549887472,-39.935692164018306,4.635485007605008,-0.388668833293609,-194.5795690330075,14.75,-3.3438549658915457,13.652642221222203,191.0956247844055
15.0,0,0,0,11.317679398339669,-9.36129980167926,7.040715239992906,0.6197936984246062,-40.673022267917204,4.721255694875454,-0.4042133686342271,-12.68748004802891,15.0,-3.3438549658915457,13.902639738617676,194.42802069384337
15.25,0,0,0,11.464350834731688,-9.214628365287242,7.042582628423933,0.6197936984246062,-41.410352371816096,4.807026382145899,-0.4197029311390328,-116.47143060946044,15.25,-3.3438549658915457,14.152637256013149,197.7604166032803
15.5,0,0,0,11.61102227112137,-9.067956928897559,7.044420257402075,0.6197674418604651,-42.147682475715,4.892797069416346,-0.4351389124105358,-15.019496728986722,15.5,-3.3438549658915457,14.402634773408622,201.09281251271202
15.75,0,0,0,11.757693707512457,-8.921285492506472,7.0462375637455725,0.6197674418604651,-42.8850172486254,4.978567756686792,-0.45052160694099985,-8.083718754680088,15.75,-3.3438549658915457,14.652632290804092,204.42520842214685
16.0,0,0,0,11.904365143899538,-8.774614056119391,7.048032575263358,0.619741185296324,-43.62235654810329,5.064338443957238,-0.4658516792173679,-41.550571909979816,16.0,-3.3438549658915457,14.902629808199565,207.7576043315726
16.25,0,0,0,12.051036580295124,-8.627942619723806,7.049800877477237,0.619741185296324,-44.359695847581186,5.150109131227684,-0.4811296499324753,-16.182716057658087,16.25,-3.3438549658915457,15.152627325595036,211.09000024101766
16.5,0,0,0,12.197708016684079,-8.48127118333485,7.0515588120044885,0.619714928732183,-45.097035147059074,5.2358798184981294,-0.49635632157219356,-10.49016275808955,16.5,-3.3438549658915457,15.40262484299051,214.42239615044772
16.75,0,0,0,12.344379453072388,-8.334599746946541,7.053279171319771,0.619714928732183,-45.834374446536984,5.321650505768576,-0.5115315117567003,-8.083067229653995,16.75,-3.3438549658915457,15.652622360385982,217.75479205987625
17.0,0,0,0,12.491050889464361,-8.187928310554568,7.054999530651138,0.619714928732183,-46.57171374601487,5.4074211930390215,-0.526657172168187,-6.841870110716016,17.0,-3.3438549658915457,15.902619877781452,221.08718796931305
17.25,0,0,0,12.637722325853721,-8.041256874165208,7.056678927704825,0.619688672168042,-47.30905304549276,5.493191880309467,-0.5417314026860647,-122.80211237400137,17.25,-3.3438549658915457,16.152617395176925,224.41958387874405
17.5,0,0,0,12.78439376224685,-7.894585437772079,7.058352388938683,0.619688672168042,-48.046392344970656,5.5789625675799135,-0.5567583767584956,-70.28386651792862,17.5,-3.3438549658915457,16.402614912572396,227.7519797881835
17.75,0,0,0,12.931065198634052,-7.747914001384878,7.06000644315281,0.619662415603901,-48.783731644448544,5.664733254850359,-0.5717350241905668,-67.1025236878068,17.75,-3.3438549658915457,16.652612429967874,231.08437569760946
18.0,0,0,0,13.077736635029622,-7.601242564989308,7.061634034663552,0.619662415603901,-49.52107094392644,5.750503942120805,-0.5866639821305779,-98.2975229842888,18.0,-3.3438549658915457,16.902609947363345,234.41677160705459
18.25,0,0,0,13.224408071416413,-7.454571128602517,7.063261626135846,0.619662415603901,-50.25841024340434,5.83627462939125,-0.6015453413571619,-3220.4426817879616,18.25,-3.3438549658915457,17.152607601913324,237.7491675164797
18.5,0,0,0,13.371079507808517,-7.3078996922104125,7.064850872821513,0.6196361590397599,-50.99574954288223,5.922045316661697,-0.6163780603311582,-18.27631542845148,18.5,-3.3438549658915457,17.40260649853201,241.08156342591684
18.75,0,0,0,13.517750944197397,-7.161228255821532,7.06643360667575,0.6196361590397599,-51.733088842360125,6.007816003932142,-0.6311658551109309,-8.904102486253061,18.75,-3.3438549658915457,17.6526053951507,244.41395933534665
19.0,0,0,0,13.664422380584089,-7.014556819434841,7.068008472743445,0.6196099024756189,-52.47043129668069,6.093586691202589,-0.6459063954262414,-11.969917557216796,19.0,-3.3438549658915457,17.902604291769386,247.74635524477154
19.25,0,0,0,13.811093816985968,-6.867885383032961,7.069547344998673,0.6196099024756189,-53.20777820225979,6.179357378473034,-0.6605998804590967,-19.597291079725263,19.25,-3.3438549658915457,18.152603188388078,251.07875115423076
19.5,0,0,0,13.95776525337521,-6.721213946643719,7.071086217199117,0.6196099024756189,-53.9451251078389,6.26512806574348,-0.6752500961599928,-63.863220203263204,19.5,-3.3438549658915457,18.402602085006762,254.41114706366153
19.75,0,0,0,14.104436689759845,-6.574542510259084,7.072607011876501,0.6195836459114779,-54.682472013418,6.350898753013925,-0.6898543127769481,-7.678553049248894,19.75,-3.3438549658915457,18.652600981625447,257.7435429730817
20.0,0,0,0,14.251108126159899,-6.427871073859031,7.074103002438983,0.6195836459114779,-55.4198189189971,6.436669440284372,-0.7044129846877718,-132.8400621882854,20.0,-3.3438549658915457,18.90259987824414,261.0759388825368
