member,background,41slot,K,radial,angular,odd,same_action,global,QNM
C0_TRANSVERSE_ZERO,PASS,PASS,FAILED_LATER,NOT_APPLICABLE,DIAGNOSTIC_ONLY,NOT_APPLICABLE,NOT_APPLICABLE,NOT_APPLICABLE,NOT_APPLICABLE
C1_MINIMAL,PASS,PASS,FAILED_LATER,NOT_APPLICABLE,DIAGNOSTIC_ONLY,NOT_APPLICABLE,NOT_APPLICABLE,NOT_APPLICABLE,NOT_APPLICABLE
C3_FIELDSPACE_MINIMAL,PASS,PASS,FAILED_LATER,NOT_APPLICABLE,DIAGNOSTIC_ONLY,NOT_APPLICABLE,NOT_APPLICABLE,NOT_APPLICABLE,NOT_APPLICABLE
CENTRAL_MEMBER,PASS,PENDING_REPLAY,FAILED_LATER(L6-42,2026-09-17),NOT_REPLAYED,NOT_REPLAYED,NOT_REPLAYED,NOT_APPLICABLE,NOT_APPLICABLE,NOT_APPLICABLE
DENSE_K_REPAIRED_MEMBER,PASS,PASS,PASS(min 1.26e-5),NOT_REPLAYED,FAILED_LATER(direct eps^3),NOT_REPLAYED,NOT_APPLICABLE,NOT_APPLICABLE,NOT_APPLICABLE
STRONG_H_CARRIER,PENDING_REPLAY,PASS(39of41),STILL_VALID(scope),STILL_VALID(scope),NOT_REPLAYED,NOT_REPLAYED,OPEN(Q2),NOT_APPLICABLE,NOT_APPLICABLE
GENUINE_SVT_LOBE_FULL,PASS(historical 1e-12),PENDING_REPLAY,SUPERSEDED_NUMERICS,STILL_VALID(scope reduced),SUPERSEDED_NUMERICS,NOT_REPLAYED,OPEN(Q2),NOT_APPLICABLE,NOT_APPLICABLE
OUTER_H_CARRIER,PENDING_REPLAY,UNKNOWN,STILL_VALID(scope),STILL_VALID(scope),NOT_REPLAYED,NOT_REPLAYED,OPEN(Q2),NOT_APPLICABLE,NOT_APPLICABLE
INNER_H_CORE,FAILED_LATER(deep-core),UNKNOWN,UNKNOWN,UNKNOWN,UNKNOWN,UNKNOWN,OPEN(Q2),NOT_APPLICABLE,NOT_APPLICABLE
